molecule_chembl_id,canonical_smiles,bioactivity_class,MW,LogP,NumHDonors,NumHAcceptors,pIC50
CHEMBL406178,COc1ccc(CCNC(=O)CN(CC(=O)N[C@H]2C[C@@H]2c2ccccc2)C(=O)Cn2c(C(=O)N[C@H]3CCCC[C@@H]3NC(=O)c3cc4ccccc4n3CC(=O)N(CC(=O)NCCc3ccc(OC)cc3)CC(=O)N[C@@H]3C[C@H]3c3ccccc3)cc3ccccc32)cc1,intermediate,1243.4759999999994,6.803800000000013,6.0,12.0,5.119186407719209
CHEMBL261728,O=C(NCc1ccccc1)[C@@H]1CN(C(=O)c2ccc(-c3ccc(C(=O)N4C[C@H](C(=O)NCc5ccccc5)[C@@H](C(=O)NC5C[C@@H]5c5ccccc5)C4)cc3)cc2)C[C@H]1C(=O)NC1C[C@H]1c1ccccc1,inactive,933.122,6.707400000000007,4.0,6.0,4.0400051616715835
CHEMBL438558,O=C(NCCc1ccccc1)[C@@H]1CN(C(=O)c2ccc(-c3ccc(C(=O)N4C[C@H](C(=O)NCCc5ccccc5)[C@@H](C(=O)NC(c5ccccc5)c5ccccc5)C4)cc3)cc2)C[C@H]1C(=O)NC(c1ccccc1)c1ccccc1,inactive,1061.2960000000003,9.259400000000001,4.0,6.0,4.266000713461613
CHEMBL259400,COC(=O)c1cc2c3c(ccc2[nH]1)N(C(=O)c1nc2ccc(NC(=O)c4cc(NC(=O)OC(C)(C)C)cs4)cc2o1)CC3,inactive,601.6410000000001,5.959400000000004,3.0,9.0,4.335358024443875
CHEMBL405801,COc1cccc(CCNC(=O)CN(CC(=O)NC2CCCc3ccccc32)C(=O)Cn2c(C(=O)N[C@H]3CCCC[C@@H]3NC(=O)c3cc4ccccc4n3CC(=O)N(CC(=O)NCCc3cccc(OC)c3)CC(=O)NC3CCCc4ccccc43)cc3ccccc32)c1,inactive,1271.5299999999995,7.846800000000014,6.0,12.0,4.718966632752273
CHEMBL442459,O=C(CN(CC(=O)NCc1cc(F)cc(C(F)(F)F)c1)C(=O)Cn1c(C(=O)N[C@H]2CCCC[C@@H]2NC(=O)c2cc3ccccc3n2CC(=O)N(CC(=O)NCCc2ccc(O)cc2)CC(=O)NCc2cc(F)cc(C(F)(F)F)c2)cc2ccccc21)NCCc1ccc(O)cc1,inactive,1335.32,7.80180000000001,8.0,12.0,4.844663962534939
CHEMBL261424,CCC1CN(C(=O)/C=C/c2ccccc2)CC(=O)N1Cc1ccc(C)cc1,inactive,362.4730000000001,3.6578200000000027,0.0,2.0,4.903089986991944
CHEMBL483873,O=C(CCS)Nc1cc(-c2ccc(Cl)cc2)n[nH]1,inactive,281.768,2.9885,3.0,3.0,3.709965388637482
CHEMBL483874,O=C(CS)Nc1cc(-c2ccc(Cl)cc2)n[nH]1,intermediate,267.741,2.5984,3.0,3.0,5.318758762624412
CHEMBL473374,O=C(CS)Nc1cc(-c2ccccc2)n[nH]1,inactive,233.29600000000002,1.9449999999999994,3.0,3.0,4.838631997765025
CHEMBL452427,O=C(CS)Nc1cc(-c2ccc(F)cc2)n[nH]1,inactive,251.286,2.0841,3.0,3.0,4.8696662315049934
CHEMBL452164,O=C(CS)Nc1cc(-c2ccc(Br)cc2)n[nH]1,intermediate,312.19199999999995,2.7075000000000005,3.0,3.0,5.180456064458132
CHEMBL499291,O=C(CS)Nc1cc(-c2ccc(C(F)(F)F)cc2)n[nH]1,inactive,301.29299999999995,2.963800000000001,3.0,3.0,5.0
CHEMBL449909,O=C(CS)Nc1cc(-c2ccc([N+](=O)[O-])cc2)n[nH]1,intermediate,278.29299999999995,1.8531999999999995,3.0,5.0,5.5376020021010435
CHEMBL491851,Cc1ccc(-c2cc(NC(=O)CS)[nH]n2)cc1,inactive,247.32300000000004,2.2534199999999993,3.0,3.0,4.6777807052660805
CHEMBL491852,COc1ccc(-c2cc(NC(=O)CS)[nH]n2)cc1,inactive,263.322,1.9535999999999998,3.0,4.0,4.127843727251707
CHEMBL491853,O=C(CS)Nc1cc(-c2ccccc2Cl)n[nH]1,inactive,267.741,2.5984,3.0,3.0,4.585026652029182
CHEMBL491051,O=C(CS)Nc1cc(-c2cccc(Cl)c2)n[nH]1,intermediate,267.741,2.5984,3.0,3.0,5.251811972993799
CHEMBL489617,O=C(CS)Nc1cc(-c2ccccc2C(F)(F)F)n[nH]1,intermediate,301.29299999999995,2.9638,3.0,3.0,5.142667503568732
CHEMBL489824,O=C(CS)Nc1cc(-c2cccc(C(F)(F)F)c2)n[nH]1,inactive,301.29299999999995,2.963800000000001,3.0,3.0,4.886056647693163
CHEMBL237370,O=C(/C=C/c1ccc(Cl)cc1Cl)NO,intermediate,232.066,2.5120000000000005,2.0,2.0,5.619788758288394
CHEMBL450398,CC(=O)O[C@H]1C[C@H]2[C@H]([C@@H]3CC[C@H]([C@H](C)CCCNCCNc4ccnc5cc(Cl)ccc45)[C@@]13C)[C@H](OC(C)=O)C[C@@H]1C[C@H](OC(C)=O)CC[C@@]12C,inactive,724.3829999999998,7.97980000000001,2.0,9.0,5.0
CHEMBL512475,Clc1ccc2c(NCCCNCC34CC5CC(CC(C5)C3)C4)ccnc2c1,inactive,383.96700000000016,5.496200000000004,2.0,3.0,4.495121540589784
CHEMBL467809,Clc1ccc2c(NCCNCC34CC5CC(CC(C5)C3)C4)ccnc2c1,inactive,369.9400000000001,5.106100000000004,2.0,3.0,4.723078867934226
CHEMBL513526,Clc1ccc2c(NCCCNCCC34CC5CC(CC(C5)C3)C4)ccnc2c1,inactive,397.99400000000014,5.886300000000005,2.0,3.0,4.300162274132754
CHEMBL468844,Clc1ccc2c(NCCNCCC34CC5CC(CC(C5)C3)C4)ccnc2c1,inactive,383.96700000000016,5.496200000000005,2.0,3.0,4.927750102386486
CHEMBL500206,COC(=O)CC[C@@H](C)[C@H]1CC[C@H]2[C@H]3[C@H](C[C@H](OC(C)=O)[C@@]21C)[C@@]1(C)CC[C@@H](NCCNc2ccnc4cc(Cl)ccc24)C[C@H]1C[C@H]3OC(C)=O,intermediate,710.3560000000001,7.5897000000000086,2.0,9.0,5.154901959985743
CHEMBL446050,COC(=O)CC[C@@H](C)[C@H]1CC[C@H]2[C@H]3[C@H](C[C@H](OC(C)=O)[C@@]21C)[C@@]1(C)CC[C@H](NCCNc2ccnc4cc(Cl)ccc24)C[C@H]1C[C@H]3OC(C)=O,inactive,710.3560000000001,7.5897000000000086,2.0,9.0,4.769551078621726
CHEMBL237370,O=C(/C=C/c1ccc(Cl)cc1Cl)NO,active,232.066,2.5120000000000005,2.0,2.0,9.301029995663981
CHEMBL237370,O=C(/C=C/c1ccc(Cl)cc1Cl)NO,inactive,232.066,2.5120000000000005,2.0,2.0,4.5376020021010435
CHEMBL42527,Clc1ccc2c(NCCCNCCCNc3ccnc4cc(Cl)ccc34)ccnc2c1,inactive,454.40500000000014,5.9836000000000045,3.0,5.0,4.94692155651658
CHEMBL289577,N=C(N)c1ccc(Oc2ccc(-c3cc4ccc(C(=N)N)cc4[nH]3)cc2)cc1,intermediate,369.428,4.195340000000002,5.0,3.0,5.522878745280337
CHEMBL237370,O=C(/C=C/c1ccc(Cl)cc1Cl)NO,active,232.066,2.5120000000000005,2.0,2.0,6.045757490560675
CHEMBL237776,Cc1cc(Cl)ccc1/C=C/C(=O)NO,active,211.64800000000002,2.16702,2.0,2.0,6.096910013008056
CHEMBL593815,CCCCCc1ccc(C(=O)NO)cc1,inactive,207.273,2.5383000000000004,2.0,2.0,4.3872161432802645
CHEMBL610755,O=C1C=CC(=O)C1=Cc1ccc(Cl)cc1Cl,inactive,253.084,3.0848000000000013,0.0,2.0,3.221848749616356
CHEMBL237370,O=C(/C=C/c1ccc(Cl)cc1Cl)NO,inactive,232.066,2.5120000000000005,2.0,2.0,3.0457574905606752
CHEMBL592938,O=C1C=CC(=O)N1Cc1ccc(Cl)cc1Cl,inactive,256.088,2.4184,0.0,2.0,4.204119982655925
CHEMBL592938,O=C1C=CC(=O)N1Cc1ccc(Cl)cc1Cl,inactive,256.088,2.4184,0.0,2.0,3.9030899869919438
CHEMBL597791,CN(C)CC/N=C(\N)c1ccc(Oc2ccc(-c3cc4ccc(/C(N)=N/CCN(C)C)cc4[nH]3)cc2)cc1,intermediate,511.6740000000003,4.161000000000002,3.0,5.0,5.6020599913279625
CHEMBL597791,CN(C)CC/N=C(\N)c1ccc(Oc2ccc(-c3cc4ccc(/C(N)=N/CCN(C)C)cc4[nH]3)cc2)cc1,intermediate,511.6740000000003,4.161000000000002,3.0,5.0,5.356547323513812
CHEMBL598001,c1cc(C2=NCCN2)ccc1Oc1ccc(-c2cc3ccc(C4=NCCN4)cc3s2)cc1,intermediate,438.55600000000015,5.0602000000000045,2.0,6.0,5.1487416512809245
CHEMBL604498,OC1CN=C(c2ccc(Oc3ccc(-c4cc5ccc(C6=NCC(O)CN6)cc5[nH]4)cc3)cc2)NC1,intermediate,481.55600000000015,3.0486000000000004,5.0,7.0,5.136677139879544
CHEMBL167448,c1cc(C2=NCCN2)ccc1Oc1ccc(-c2cc3ccc(C4=NCCN4)cc3[nH]2)cc1,intermediate,421.50400000000013,4.326800000000002,3.0,5.0,5.026872146400302
CHEMBL3216444,Cl.Cl.N=C(N)c1ccc(Oc2ccc(-c3cc4ccc(C(=N)N)cc4[nH]3)cc2)cc1,inactive,442.35000000000014,5.038940000000003,5.0,3.0,4.958607314841775
CHEMBL167448,c1cc(C2=NCCN2)ccc1Oc1ccc(-c2cc3ccc(C4=NCCN4)cc3[nH]2)cc1,inactive,421.50400000000013,4.326800000000002,3.0,5.0,4.903089986991944
CHEMBL3216444,Cl.Cl.N=C(N)c1ccc(Oc2ccc(-c3cc4ccc(C(=N)N)cc4[nH]3)cc2)cc1,inactive,442.35000000000014,5.038940000000003,5.0,3.0,4.769551078621726
CHEMBL164837,c1cc(-c2cc3ccc(C4=NCCN4)cc3[nH]2)ccc1C1=NCCN1,inactive,329.4070000000001,2.5344999999999995,3.0,4.0,4.698970004336019
CHEMBL597792,c1cc(C2=NCCCN2)ccc1Oc1ccc(-c2cc3ccc(C4=NCCCN4)cc3[nH]2)cc1,inactive,449.5580000000002,5.107000000000003,3.0,5.0,4.6777807052660805
CHEMBL597598,c1cc(C2=NCCN2)ccc1Oc1ccc(-c2nc3ccc(C4=NCCN4)cc3[nH]2)cc1,inactive,422.49200000000013,3.7218000000000018,3.0,6.0,4.610833915635467
CHEMBL597587,N#Cc1ccc(Oc2ccc(-c3cc4ccc(C(=N)N)cc4[nH]3)cc2)cc1,inactive,352.39700000000005,4.782950000000003,3.0,3.0,4.6020599913279625
CHEMBL598002,Clc1ccc(Oc2ccc(-c3cc4ccc(C5=NCCN5)cc4[nH]3)cc2)c(Cl)c1,inactive,422.31500000000005,6.283800000000006,2.0,3.0,4.6020599913279625
CHEMBL598001,c1cc(C2=NCCN2)ccc1Oc1ccc(-c2cc3ccc(C4=NCCN4)cc3s2)cc1,inactive,438.55600000000015,5.0602000000000045,2.0,6.0,4.6020599913279625
CHEMBL597599,c1cc(C2=NCCCN2)ccc1Oc1ccc(-c2nc3ccc(C4=NCCCN4)cc3[nH]2)cc1,inactive,450.5460000000002,4.5020000000000024,3.0,6.0,4.552841968657781
CHEMBL597802,N#Cc1ccc(Oc2ccc(-c3cc4ccc(C5=NCCN5)cc4[nH]3)cc2)c(Cl)c1,inactive,412.8800000000001,5.502080000000004,2.0,4.0,4.522878745280337
CHEMBL597599,c1cc(C2=NCCCN2)ccc1Oc1ccc(-c2nc3ccc(C4=NCCCN4)cc3[nH]2)cc1,inactive,450.5460000000002,4.5020000000000024,3.0,6.0,4.3872161432802645
CHEMBL354449,c1cc(-c2cc3ccc(C4=NCCN4)cc3s2)ccc1C1=NCCN1,inactive,346.45900000000006,3.267900000000001,2.0,5.0,4.366531544420414
CHEMBL597792,c1cc(C2=NCCCN2)ccc1Oc1ccc(-c2cc3ccc(C4=NCCCN4)cc3[nH]2)cc1,inactive,449.5580000000002,5.107000000000003,3.0,5.0,4.366531544420414
CHEMBL597610,COc1ccc(Oc2ccc(-c3cc4ccc(C5=NCCN5)cc4[nH]3)cc2)cc1,inactive,383.4510000000001,4.985600000000003,2.0,4.0,4.346787486224656
CHEMBL598002,Clc1ccc(Oc2ccc(-c3cc4ccc(C5=NCCN5)cc4[nH]3)cc2)c(Cl)c1,inactive,422.31500000000005,6.283800000000006,2.0,3.0,4.2839966563652006
CHEMBL603464,c1cc(C2=NCCCN2)ccc1Oc1ccc(-c2cc3ccc(C4=NCCCN4)cc3s2)cc1,inactive,466.61000000000024,5.840400000000004,2.0,6.0,4.267606240177032
CHEMBL606405,NCCNc1ccc(Oc2ccc(-c3nc4ccc(C5=NCCN5)cc4s3)cc2)cc1,inactive,429.54900000000015,4.476000000000003,3.0,7.0,4.251811972993799
CHEMBL598622,c1cc(C2=NCCCN2)ccc1Oc1ccc(-c2cc3ccc(C4=NCCCN4)cc3[nH]2)nc1,inactive,450.5460000000002,4.5020000000000024,3.0,6.0,4.173925197299173
CHEMBL603251,c1cc(C2=NCCN2)ccc1Oc1ccc(-c2cc3ccc(C4=NCCN4)cc3[nH]2)nc1,inactive,422.49200000000013,3.7218000000000018,3.0,6.0,4.161150909262744
CHEMBL598231,N#Cc1ccc(Oc2ccc(-c3cc4ccc(C#N)cc4[nH]3)cc2)cc1,inactive,335.366,5.370560000000004,1.0,3.0,4.0
CHEMBL604103,NC(=O)c1ccc(Oc2ccc(-c3cc4ccc(C(N)=O)cc4[nH]3)cc2)cc1,inactive,371.3960000000001,3.825000000000001,3.0,3.0,4.0
CHEMBL599436,N#Cc1ccc(Oc2ccc(-c3cc4ccc(C#N)cc4[nH]3)nc2)cc1,inactive,336.354,4.765560000000003,1.0,4.0,4.0
CHEMBL598621,N#Cc1ccc(Oc2ccc(-c3cc4ccc(C#N)cc4[nH]3)cc2)c(Cl)c1,inactive,369.81100000000004,6.023960000000004,1.0,3.0,4.0
CHEMBL597398,Clc1ccc2cc(-c3ccc(Oc4ccc(C5=NCCN5)cc4)cc3)[nH]c2c1,inactive,387.87000000000006,5.630400000000003,2.0,3.0,4.0
CHEMBL599856,N#Cc1ccc2cc(-c3ccc(Oc4ccc(F)cc4)cc3)[nH]c2c1,inactive,328.346,5.637980000000003,1.0,2.0,4.0
CHEMBL605845,NC(=O)c1ccc2cc(-c3ccc(Oc4ccc(F)cc4)cc3)[nH]c2c1,inactive,346.361,4.865200000000002,2.0,2.0,4.0
CHEMBL603312,N=C(N)c1ccc2cc(-c3ccc(Oc4ccc(F)cc4)cc3)[nH]c2c1,inactive,345.377,5.050370000000003,3.0,2.0,4.0
CHEMBL603247,Fc1ccc(Oc2ccc(-c3cc4ccc(C5=NCCN5)cc4[nH]3)cc2)cc1,inactive,371.415,5.116100000000005,2.0,3.0,4.0
CHEMBL598433,COc1ccc(Oc2ccc(-c3cc4ccc(C(N)=O)cc4[nH]3)cc2)cc1,inactive,358.39700000000005,4.734700000000003,2.0,3.0,4.0
CHEMBL598634,COc1ccc(Oc2ccc(-c3cc4ccc(C(=N)N)cc4[nH]3)cc2)cc1,inactive,357.41300000000007,4.919870000000003,3.0,3.0,4.0
CHEMBL1163029,c1cc(-c2cc3ccc(C4=NCCCN4)cc3[nH]2)ccc1C1=NCCCN1,inactive,357.4610000000001,3.314700000000001,3.0,4.0,4.0
CHEMBL1163030,c1cc(-c2cc3ccc(C4=NCCCN4)cc3s2)ccc1C1=NCCCN1,inactive,374.5130000000001,4.0481000000000025,2.0,5.0,4.0
CHEMBL599053,NC(=O)c1ccc2nc(-c3ccc(Oc4ccc(F)cc4)cc3)sc2c1,inactive,364.401,4.993600000000002,1.0,4.0,4.0
CHEMBL603251,c1cc(C2=NCCN2)ccc1Oc1ccc(-c2cc3ccc(C4=NCCN4)cc3[nH]2)nc1,inactive,422.49200000000013,3.7218000000000018,3.0,6.0,4.0
CHEMBL598622,c1cc(C2=NCCCN2)ccc1Oc1ccc(-c2cc3ccc(C4=NCCCN4)cc3[nH]2)nc1,inactive,450.5460000000002,4.5020000000000024,3.0,6.0,4.0
CHEMBL237370,O=C(/C=C/c1ccc(Cl)cc1Cl)NO,active,232.066,2.5120000000000005,2.0,2.0,6.3872161432802645
CHEMBL599255,CCOc1ccc(C(Nc2cccnc2)c2cc(Cl)c3cccnc3c2O)cc1,active,405.8850000000001,5.589000000000004,2.0,5.0,6.301029995663981
CHEMBL591192,NCCCCCCCNCCCCCCCNC(=O)c1cc(CCC(=O)NO)c(CCC(O)(c2ccccc2)c2ccccc2)[nH]1,active,633.8780000000003,5.500500000000005,7.0,6.0,6.0
CHEMBL1688557,Oc1c(C(Nc2cccc3cccnc23)c2ccccc2)ccc2cccnc12,intermediate,377.44700000000006,5.690100000000004,2.0,4.0,5.494850021680094
CHEMBL1688557,Oc1c(C(Nc2cccc3cccnc23)c2ccccc2)ccc2cccnc12,intermediate,377.44700000000006,5.690100000000004,2.0,4.0,5.4089353929735005
CHEMBL1688558,Oc1c(C(Nc2ccccn2)c2ccccc2)ccc2cccnc12,intermediate,327.38700000000006,4.536900000000003,2.0,4.0,5.795880017344075
CHEMBL1688558,Oc1c(C(Nc2ccccn2)c2ccccc2)ccc2cccnc12,intermediate,327.38700000000006,4.536900000000003,2.0,4.0,5.823908740944319
CHEMBL1688559,Oc1c(C(Nc2cccnc2)c2ccc(C(F)(F)F)cc2)ccc2cccnc12,intermediate,395.384,5.555700000000003,2.0,4.0,5.327902142064283
CHEMBL1688559,Oc1c(C(Nc2cccnc2)c2ccc(C(F)(F)F)cc2)ccc2cccnc12,intermediate,395.384,5.555700000000003,2.0,4.0,5.301029995663981
CHEMBL1688560,Oc1c(C(Nc2cccnc2)c2ccccc2F)ccc2cccnc12,intermediate,345.377,4.676000000000003,2.0,4.0,5.4089353929735005
CHEMBL1688560,Oc1c(C(Nc2cccnc2)c2ccccc2F)ccc2cccnc12,intermediate,345.377,4.676000000000003,2.0,4.0,5.619788758288394
CHEMBL599255,CCOc1ccc(C(Nc2cccnc2)c2cc(Cl)c3cccnc3c2O)cc1,intermediate,405.8850000000001,5.589000000000004,2.0,5.0,5.6777807052660805
CHEMBL599255,CCOc1ccc(C(Nc2cccnc2)c2cc(Cl)c3cccnc3c2O)cc1,intermediate,405.8850000000001,5.589000000000004,2.0,5.0,5.795880017344075
CHEMBL1761333,C=C(C)[C@@H]1CC[C@]2(COC(=O)CCC(=O)O)CC[C@]3(C)[C@H](CC[C@@H]4[C@@]5(C)CC[C@H](O)C(C)(C)[C@@H]5CC[C@]43C)[C@@H]12,intermediate,542.8010000000004,7.41290000000001,2.0,4.0,5.823908740944319
CHEMBL1076486,C=C(C)[C@@H]1CC[C@]2(COC(=O)COc3cc(C(C)C)ccc3C)CC[C@]3(C)[C@H](CC[C@@H]4[C@@]5(C)CC[C@H](O)C(C)(C)[C@@H]5CC[C@]43C)[C@@H]12,inactive,632.9700000000001,10.058919999999997,1.0,4.0,5.0
CHEMBL269277,C=C(C)[C@@H]1CC[C@]2(C(=O)O)CC[C@]3(C)[C@H](CC[C@@H]4[C@@]5(C)CC[C@H](O)C(C)(C)[C@@H]5CC[C@]43C)[C@@H]12,inactive,456.7110000000003,7.089500000000009,2.0,2.0,4.698970004336019
CHEMBL295602,C=C(C)[C@@H]1CC[C@]2(C(=O)OC)CC[C@]3(C)[C@H](CC[C@@H]4[C@@]5(C)CC[C@H](O)C(C)(C)[C@@H]5CC[C@]43C)[C@@H]12,inactive,470.7380000000003,7.17790000000001,1.0,3.0,4.0
CHEMBL431525,C=C(C)[C@@H]1CC[C@]2(C(=O)O)CC[C@]3(C)[C@H](CC[C@@H]4[C@@]5(C)CCC(=O)C(C)(C)[C@@H]5CC[C@]43C)[C@@H]12,inactive,454.69500000000033,7.297700000000009,1.0,2.0,4.0
CHEMBL1933865,COc1ccc(/C=C(\C#N)c2nc3ccccc3[nH]2)cc1I,intermediate,401.207,4.240280000000002,1.0,3.0,5.142667503568732
CHEMBL116847,COc1ccc(/C=C(\C#N)c2nc3ccccc3[nH]2)cc1,inactive,275.311,3.6356800000000016,1.0,3.0,4.0
CHEMBL1933866,N#C/C(=C\c1cccc(I)c1)c1nc2ccccc2[nH]1,inactive,371.18100000000004,4.2316800000000026,1.0,2.0,4.0
CHEMBL1933867,COc1ccc(/C=C(\C#N)c2nc3ccccc3[nH]2)cc1Br,inactive,354.207,4.398180000000002,1.0,3.0,4.0
CHEMBL1933868,COc1ccc(/C=C(\C#N)c2nc3ccccc3[nH]2)cc1Cl,inactive,309.756,4.289080000000002,1.0,3.0,4.0
CHEMBL1933869,COc1ccc(/C=C(\C#N)c2nc3ccccc3[nH]2)cc1F,inactive,293.301,3.7747800000000016,1.0,3.0,4.0
CHEMBL1933870,COc1ccc(/C=C(\C#N)c2nc3ccccc3[nH]2)cc1OC,inactive,305.33700000000005,3.644280000000002,1.0,4.0,4.0
CHEMBL1933871,COc1cc(/C=C(\C#N)c2nc3ccccc3[nH]2)cc(Cl)c1O,inactive,325.7550000000001,3.994680000000001,2.0,4.0,4.229147988357856
CHEMBL1933872,COc1cc(-c2ccc(/C=C(\C#N)c3nc4ccccc4[nH]3)cc2)cc(Br)c1O,inactive,446.3040000000001,5.770780000000004,2.0,4.0,4.026872146400302
CHEMBL1933873,N#C/C(=C\c1ccc(-c2ccccc2)cc1)c1nc2ccccc2[nH]1,inactive,321.38300000000004,5.294080000000004,1.0,2.0,4.0655015487564325
CHEMBL1933874,N#C/C(=C\c1ccc(-c2ncc[nH]2)cc1)c1nc2ccccc2[nH]1,inactive,311.348,4.0171800000000015,2.0,3.0,4.136677139879544
CHEMBL1933875,COc1cc(/C=C(\C#N)c2nc3ccccc3[nH]2)cc(OC)c1OC,inactive,335.36300000000017,3.6528800000000015,1.0,5.0,4.0
CHEMBL1933876,N#C/C(=C\c1cc(-c2ccccc2)cnc1Cl)c1nc2ccccc2[nH]1,inactive,356.81600000000003,5.342480000000004,1.0,3.0,4.0
CHEMBL1933877,N#C/C(=C\c1c(Cl)ncnc1Cl)c1nc2ccccc2[nH]1,inactive,316.151,3.723880000000002,1.0,4.0,4.0
CHEMBL1933878,Cc1c(/C=C(\C#N)c2nc3ccccc3[nH]2)sc2ccccc12,inactive,315.40100000000007,5.1502000000000026,1.0,3.0,4.0
CHEMBL1933879,N#C/C(=C\c1c[nH]c2ccc(Br)cc12)c1nc2ccccc2[nH]1,inactive,363.2180000000001,4.870880000000002,2.0,2.0,4.0
CHEMBL1933880,N#C/C(=C\c1c[nH]c2cccc([N+](=O)[O-])c12)c1nc2ccccc2[nH]1,inactive,329.319,4.016580000000002,2.0,4.0,4.0
CHEMBL1933881,N#C/C(=C\c1c[nH]c2c1ccc1ccccc12)c1nc2ccccc2[nH]1,inactive,334.382,5.261580000000003,2.0,2.0,4.0
CHEMBL1933882,N#C/C(=C\c1ccc(-c2cccs2)s1)c1nc2ccccc2[nH]1,inactive,333.44100000000003,5.417080000000002,1.0,4.0,4.585026652029182
CHEMBL118009,Cc1ccc(/C=C(\C#N)c2nc3ccccc3[nH]2)s1,inactive,265.341,3.9970000000000017,1.0,3.0,4.0
CHEMBL1933883,Cc1cc(/C=C(\C#N)c2nc3ccccc3[nH]2)sc1C,inactive,279.36800000000005,4.305420000000002,1.0,3.0,4.0
CHEMBL116569,N#C/C(=C\c1cccs1)c1nc2ccccc2[nH]1,inactive,251.314,3.6885800000000026,1.0,3.0,4.0
CHEMBL1933884,N#C/C(=C\c1ccc(-c2ccco2)s1)c1nc2ccccc2[nH]1,inactive,317.373,4.948580000000002,1.0,4.0,4.229147988357856
CHEMBL1933885,N#C/C(=C\c1ccc(-c2cccs2)o1)c1nc2ccccc2[nH]1,inactive,317.373,4.948580000000002,1.0,4.0,4.0
CHEMBL1933886,N#C/C(=C\c1ccc(-c2cccs2)s1)c1cc2ccccc2[nH]1,inactive,332.45300000000003,6.0220800000000025,1.0,3.0,4.0
CHEMBL1933887,N#C/C(=C\c1ccc(-c2cccs2)s1)c1nc2ccccc2s1,inactive,350.49300000000005,6.150480000000003,0.0,5.0,4.0
CHEMBL1933888,N#C/C(=C\c1ccc(-c2cccs2)s1)c1nc2ccccc2o1,inactive,334.42500000000007,5.681980000000002,0.0,5.0,4.0
CHEMBL1933889,N#C/C(=C\c1ccc(-c2cccs2)s1)c1ccc2ccccc2n1,inactive,344.46400000000006,6.088980000000003,0.0,4.0,4.0
CHEMBL1933890,Cn1c(/C(C#N)=C/c2ccc(-c3cccs3)s2)[n+](C)c2ccccc21.[I-],inactive,489.4070000000001,1.86098,0.0,4.0,4.0
CHEMBL1933865,COc1ccc(/C=C(\C#N)c2nc3ccccc3[nH]2)cc1I,inactive,401.207,4.240280000000002,1.0,3.0,5.0
CHEMBL1933882,N#C/C(=C\c1ccc(-c2cccs2)s1)c1nc2ccccc2[nH]1,inactive,333.44100000000003,5.417080000000002,1.0,4.0,4.5376020021010435
CHEMBL1933882,N#C/C(=C\c1ccc(-c2cccs2)s1)c1nc2ccccc2[nH]1,inactive,333.44100000000003,5.417080000000002,1.0,4.0,4.769551078621726
CHEMBL237370,O=C(/C=C/c1ccc(Cl)cc1Cl)NO,active,232.066,2.5120000000000005,2.0,2.0,6.173925197299173
CHEMBL2032250,O=C(/C=C/c1ccc(Br)cc1Cl)NO,active,276.517,2.6211,2.0,2.0,6.161150909262744
CHEMBL2032251,O=C(/C=C/c1ccccc1Cl)NO,inactive,197.621,1.8585999999999998,2.0,2.0,4.872895201635193
CHEMBL2032252,O=C(/C=C/c1ccc(-c2ccccc2)cc1Cl)NO,intermediate,273.71900000000005,3.5256000000000007,2.0,2.0,5.910094888560602
CHEMBL2032253,O=C(/C=C/c1ccc(-c2ccc(F)cc2)cc1Cl)NO,intermediate,291.709,3.6647000000000016,2.0,2.0,5.022733787572707
CHEMBL2032247,O=C(/C=C/c1ccc(-c2cccc(F)c2)cc1Cl)NO,inactive,291.709,3.6647000000000025,2.0,2.0,4.504455662453552
CHEMBL2032248,O=C(/C=C/c1ccc(-c2ccc(F)cc2F)cc1Cl)NO,active,309.699,3.8038000000000016,2.0,2.0,6.008773924307505
CHEMBL2032249,O=C(/C=C/c1ccc(-c2cc(F)c(F)c(F)c2)cc1Cl)NO,active,327.689,3.9429000000000016,2.0,2.0,6.1938200260161125
CHEMBL2032254,Nc1ccccc1-c1ccc(/C=C/C(=O)NO)c(Cl)c1,active,288.73400000000004,3.107800000000001,3.0,3.0,6.259637310505756
CHEMBL2032255,COc1ccc(-c2ccc(/C=C/C(=O)NO)c(Cl)c2)cc1,inactive,303.745,3.534200000000001,2.0,3.0,4.490797477668897
CHEMBL2032256,COc1cccc(-c2ccc(/C=C/C(=O)NO)c(Cl)c2)c1,inactive,303.745,3.534200000000001,2.0,3.0,4.603800652904264
CHEMBL2032257,Cc1ccc(-c2ccc(/C=C/C(=O)NO)c(Cl)c2)cc1,inactive,287.746,3.8340200000000015,2.0,2.0,4.2168113089247425
CHEMBL2032258,Cc1cccc(-c2ccc(/C=C/C(=O)NO)c(Cl)c2)c1,inactive,287.746,3.8340200000000015,2.0,2.0,4.0
CHEMBL2032259,O=C(/C=C/c1ccc(-c2cccc(C(F)(F)F)c2)cc1Cl)NO,inactive,341.71599999999995,4.544400000000002,2.0,2.0,4.4179366370882915
CHEMBL2032260,O=C(/C=C/c1ccc(-c2ccc(C(F)(F)F)cc2)cc1Cl)NO,inactive,341.71599999999995,4.544400000000002,2.0,2.0,4.447331783887806
CHEMBL2032261,O=C(/C=C/c1ccc(-c2ccc3c(c2)OCO3)cc1Cl)NO,inactive,317.728,3.2543000000000006,2.0,4.0,4.480172006224281
CHEMBL2032262,CS(=O)(=O)c1ccc(-c2ccc(/C=C/C(=O)NO)c(Cl)c2)cc1,inactive,351.81100000000004,2.929100000000001,2.0,4.0,4.8124792791635365
CHEMBL2032263,O=C(/C=C/c1ccc(-c2ccc(S(=O)(=O)N3CCOCC3)cc2)cc1Cl)NO,inactive,422.89000000000016,2.5465,2.0,5.0,4.0
CHEMBL2032264,O=C(/C=C/c1ccc(/C=C/c2ccccc2)cc1Cl)NO,inactive,299.757,4.029000000000003,2.0,2.0,4.164943898279883
CHEMBL2032265,CC(C)COc1ccc(/C=C/C(=O)NO)c(Cl)c1,inactive,269.728,2.8934000000000006,2.0,3.0,4.369572124974976
CHEMBL2032266,O=C(/C=C/c1ccc(N2CCCCC2)cc1Cl)NO,intermediate,280.75499999999994,2.8489000000000004,2.0,3.0,5.94692155651658
CHEMBL2032267,O=C(/C=C/c1ccc(N2CCOCC2)cc1Cl)NO,inactive,282.7269999999999,1.6951999999999998,2.0,4.0,4.455931955649724
CHEMBL2032268,O=C(/C=C/c1ccc(N2CCNCC2)cc1Cl)NO,inactive,281.74299999999994,1.2682,3.0,4.0,4.0
CHEMBL2032269,O=C(/C=C/c1ccc(-c2cccnc2)cc1Cl)NO,active,274.707,2.9206000000000003,2.0,3.0,6.638272163982407
CHEMBL2032270,O=C(/C=C/c1ccc(-c2cncc(Cl)c2)cc1Cl)NO,inactive,309.152,3.5740000000000016,2.0,3.0,4.5638373529592435
CHEMBL2032271,COc1cncc(-c2ccc(/C=C/C(=O)NO)c(Cl)c2)c1,inactive,304.733,2.9292000000000007,2.0,4.0,4.452225294612178
CHEMBL2032381,COc1ccc(-c2ccc(/C=C/C(=O)NO)c(Cl)c2)cn1,active,304.733,2.9292000000000007,2.0,4.0,6.251811972993799
CHEMBL2032382,COc1cc(C)c(-c2ccc(/C=C/C(=O)NO)c(Cl)c2)cn1,active,318.76000000000005,3.2376200000000006,2.0,4.0,6.1249387366083
CHEMBL2032383,COc1ncccc1-c1ccc(/C=C/C(=O)NO)c(Cl)c1,active,304.73300000000006,2.9292000000000007,2.0,4.0,6.180456064458132
CHEMBL2032384,COc1ccc(-c2ccc(/C=C/C(=O)NO)c(Cl)c2)c(OC)n1,intermediate,334.75900000000007,2.9378,2.0,5.0,5.096367483915762
CHEMBL2032385,COc1ncc(-c2ccc(/C=C/C(=O)NO)c(Cl)c2)cc1Cl,inactive,339.178,3.582600000000002,2.0,4.0,4.0
CHEMBL2032386,O=C(/C=C/c1ccc(-c2cnc3ccccc3c2)cc1Cl)NO,inactive,324.767,4.073800000000002,2.0,3.0,5.0
CHEMBL2032387,O=C(/C=C/c1ccc(-c2ccncc2)cc1Cl)NO,active,274.707,2.9206000000000003,2.0,3.0,6.214670164989233
CHEMBL2032388,O=C(/C=C/c1ccc(-c2cncnc2)cc1Cl)NO,intermediate,275.695,2.3156000000000003,2.0,4.0,5.554395796726403
CHEMBL2032389,COc1ncc(-c2ccc(/C=C/C(=O)NO)c(Cl)c2)cn1,intermediate,305.721,2.3242000000000003,2.0,5.0,5.91721462968355
CHEMBL2032390,CN(C)c1ccc(-c2ccc(/C=C/C(=O)NO)c(Cl)c2)cn1,inactive,317.776,2.9866,2.0,4.0,4.135488918941608
CHEMBL2032391,CNC(=O)c1ccc(-c2ccc(/C=C/C(=O)NO)c(Cl)c2)cn1,inactive,331.75900000000007,2.2802000000000007,3.0,4.0,4.910094888560602
CHEMBL2032392,CN1CCN(c2ccc(-c3ccc(/C=C/C(=O)NO)c(Cl)c3)cn2)CC1,inactive,372.85600000000017,2.6724000000000006,2.0,5.0,4.671620396561262
CHEMBL2032393,Cn1nccc1-c1ccc(/C=C/C(=O)NO)c(Cl)c1,intermediate,277.711,2.2591,2.0,4.0,5.87942606879415
CHEMBL2032394,Cn1cc(-c2ccc(/C=C/C(=O)NO)c(Cl)c2)cn1,inactive,277.711,2.2591,2.0,4.0,4.603800652904264
CHEMBL2032395,Cn1cncc1-c1ccc(/C=C/C(=O)NO)c(Cl)c1,inactive,277.711,2.2591,2.0,4.0,4.651695136951839
CHEMBL2032396,Cc1noc(C)c1-c1ccc(/C=C/C(=O)NO)c(Cl)c1,intermediate,292.722,3.130440000000001,2.0,4.0,5.935542010773082
CHEMBL2032397,O=C(/C=C/c1ccc(-c2cn[nH]c2)cc1Cl)NO,inactive,263.684,2.2487,3.0,3.0,4.1791420105603
CHEMBL2032398,O=C(/C=C/c1ccc(-c2cc[nH]n2)cc1Cl)NO,intermediate,263.684,2.2486999999999995,3.0,3.0,5.040481623027001
CHEMBL1505471,COC(=O)c1ccc(O)c2nc3c(C=O)c(O)cc(O)c3nc12,inactive,314.25300000000004,1.4989,3.0,8.0,4.301029995663981
CHEMBL428647,CC(=O)O[C@H]1C(=O)[C@]2(C)[C@@H](O)C[C@H]3OC[C@@]3(OC(C)=O)[C@H]2[C@H](OC(=O)c2ccccc2)[C@]2(O)C[C@H](OC(=O)[C@H](O)[C@@H](NC(=O)c3ccccc3)c3ccccc3)C(C)=C1C2(C)C,intermediate,853.9180000000001,3.735700000000003,4.0,14.0,5.2839966563652006
CHEMBL2336718,O=C(CC12CC3CC(C1)CC(c1ccc(-c4ccccc4)cc1)(C3)C2)NO,active,361.48500000000007,5.087100000000004,2.0,2.0,6.698970004336019
CHEMBL2336717,O=C(CC12CC3CC(C1)CC(c1ccc([N+](=O)[O-])cc1[N+](=O)[O-])(C3)C2)NO,active,375.38100000000014,3.2365000000000004,2.0,6.0,6.3979400086720375
CHEMBL2336716,O=C(CC12CC3CC(C1)CC(c1ccc([N+](=O)[O-])cc1)(C3)C2)NO,active,330.38400000000007,3.3283000000000005,2.0,4.0,6.301029995663981
CHEMBL2336715,O=C(CC12CC3CC(C1)CC(c1ccc(Br)cc1)(C3)C2)NO,active,364.2830000000001,4.1826000000000025,2.0,2.0,7.3979400086720375
CHEMBL2336714,O=C(CC12CC3CC(C1)CC(c1ccc(Cl)cc1)(C3)C2)NO,active,319.83200000000005,4.073500000000003,2.0,2.0,7.522878745280337
CHEMBL2336713,COc1ccc(C23CC4CC(CC(CC(=O)NO)(C4)C2)C3)cc1,active,315.41300000000007,3.428700000000002,2.0,3.0,6.6020599913279625
CHEMBL2336712,Cc1ccc(C23CC4CC(CC(CC(=O)NO)(C4)C2)C3)cc1,active,299.41400000000004,3.7285200000000014,2.0,2.0,6.6020599913279625
CHEMBL2336711,O=C(CC12CC3CC(C1)CC(c1ccc4c(c1)CCCC4)(C3)C2)NO,active,339.4790000000001,4.298900000000002,2.0,2.0,6.0
CHEMBL2336710,O=C(CC12CC3CC(C1)CC(c1ccc4ccccc4c1)(C3)C2)NO,active,335.4470000000001,4.573300000000003,2.0,2.0,6.522878745280337
CHEMBL2336709,O=C(CC12CC3CC(C1)CC(c1ccccc1)(C3)C2)NO,active,285.38699999999994,3.4201000000000015,2.0,2.0,6.301029995663981
CHEMBL2336708,O=C(CC12CC3CC(CC(CO)(C3)C1)C2)NO,intermediate,239.31499999999997,1.4607999999999999,3.0,3.0,5.468521082957745
CHEMBL2336707,O=C(CC12CC3CC(C1)CC(C(=O)O)(C3)C2)NO,inactive,253.29799999999997,1.5531,3.0,3.0,3.3010299956639813
CHEMBL2336727,O=C(CC12CC3CC(CC(Br)(C3)C1)C2)NO,intermediate,288.18499999999995,2.6158,2.0,2.0,5.853871964321762
CHEMBL2336726,O=C(CC12CC3CC(CC(Cl)(C3)C1)C2)NO,intermediate,243.73399999999998,2.4596999999999998,2.0,2.0,5.853871964321762
CHEMBL2336725,O=C(CC12CC3CC(CC(F)(C3)C1)C2)NO,intermediate,227.27899999999997,2.1904,2.0,2.0,5.508638306165727
CHEMBL2336724,CC(=O)OC12CC3CC(CC(CC(=O)NO)(C3)C1)C2,inactive,267.325,1.7839999999999998,2.0,4.0,4.619788758288394
CHEMBL2336723,COC12CC3CC(CC(CC(=O)NO)(C3)C1)C2,intermediate,239.31499999999994,1.8672999999999997,2.0,3.0,5.2441251443275085
CHEMBL2336722,O=C(CC12CC3CC(CC(O)(C3)C1)C2)NO,inactive,225.28799999999998,1.2131999999999998,3.0,3.0,4.638272163982407
CHEMBL2336721,O=C(CC12CC3CC(CC(C3)C1)C2)NO,active,209.289,2.0983,2.0,2.0,6.0
CHEMBL42527,Clc1ccc2c(NCCCNCCCNc3ccnc4cc(Cl)ccc34)ccnc2c1,active,454.40500000000014,5.9836000000000045,3.0,5.0,7.585026652029182
CHEMBL237370,O=C(/C=C/c1ccc(Cl)cc1Cl)NO,active,232.066,2.5120000000000005,2.0,2.0,6.3872161432802645
CHEMBL3098984,COc1ccccc1CNC(=O)Nc1ccc2nc(C)cc(N)c2c1,inactive,336.3950000000001,3.4557200000000012,3.0,4.0,4.0
CHEMBL3098983,Cc1cc(N)c2cc(NC(=O)NCc3ccccc3Cl)ccc2n1,inactive,340.8140000000001,4.100520000000002,3.0,3.0,4.0
CHEMBL3098982,Cc1cc(N)c2cc(NC(=O)Nc3ccc(C(=O)c4ccccc4)cc3)ccc2n1,inactive,396.45000000000005,5.000420000000003,3.0,4.0,4.173925197299173
CHEMBL3098981,Cc1cc(N)c2cc(NC(=O)Nc3ccc(C(C)C)cc3)ccc2n1,inactive,334.42300000000006,4.892820000000002,3.0,3.0,4.207608310501746
CHEMBL3098980,Cc1cc(N)c2cc(NC(=O)Nc3ccc(F)cc3)ccc2n1,inactive,310.33200000000005,3.908520000000001,3.0,3.0,4.494850021680094
CHEMBL3098979,CCOC(=O)c1ccc(NC(=O)Nc2ccc3nc(C)cc(N)c3c2)cc1,inactive,364.40500000000014,3.9461200000000014,3.0,5.0,4.292429823902063
CHEMBL3098978,COc1ccc(NC(=O)Nc2ccc3nc(C)cc(N)c3c2)cc1,inactive,322.36800000000005,3.7780200000000015,3.0,4.0,4.3872161432802645
CHEMBL3098977,Cc1cc(N)c2cc(NC(=O)Nc3ccc(-c4ccccc4)cc3)ccc2n1,inactive,368.44000000000005,5.436420000000004,3.0,3.0,4.102372908709558
CHEMBL3098976,Cc1cc(N)c2cc(NC(=O)Nc3ccc4c(c3)OCO4)ccc2n1,inactive,336.3510000000001,3.498120000000001,3.0,5.0,4.3872161432802645
CHEMBL3098975,COc1ccsc1CCC(=O)Nc1ccc2nc(C)cc(N)c2c1,inactive,341.43600000000015,3.766820000000002,2.0,5.0,4.0
CHEMBL3098974,COc1ccncc1CCC(=O)Nc1ccc2nc(C)cc(N)c2c1,inactive,336.3950000000001,3.100320000000001,2.0,5.0,4.0
CHEMBL3098973,COc1ncccc1CCC(=O)Nc1ccc2nc(C)cc(N)c2c1,inactive,336.3950000000001,3.100320000000001,2.0,5.0,4.0
CHEMBL3098972,COc1ccccc1CCCC(=O)Nc1ccc2nc(C)cc(N)c2c1,inactive,349.4340000000001,4.095420000000002,2.0,4.0,4.0
CHEMBL3098971,Cc1cc(N)c2cc(NC(=O)Cc3ccccc3Cl)ccc2n1,inactive,325.79900000000004,3.960020000000002,2.0,3.0,4.0
CHEMBL3098970,COc1ccccc1CC(=O)Nc1ccc2nc(C)cc(N)c2c1,inactive,321.38000000000005,3.315220000000001,2.0,4.0,4.0
CHEMBL3099015,CCCOc1ccccc1CCC(=O)Nc1ccc2nc(C)cc(N)c2c1,inactive,363.46100000000007,4.485520000000003,2.0,4.0,4.0
CHEMBL3099014,CCOc1ccccc1CCC(=O)Nc1ccc2nc(C)cc(N)c2c1,inactive,349.4340000000001,4.095420000000002,2.0,4.0,4.0
CHEMBL3099013,COc1cc(Br)ccc1CCC(=O)Nc1ccc2nc(C)cc(N)c2c1,inactive,414.3030000000001,4.4678200000000015,2.0,4.0,4.0
CHEMBL3099012,COc1cc(Cl)ccc1CCC(=O)Nc1ccc2nc(C)cc(N)c2c1,inactive,369.85200000000015,4.358720000000002,2.0,4.0,4.0
CHEMBL3099011,COc1ccc(Cl)cc1CCC(=O)Nc1ccc2nc(C)cc(N)c2c1,inactive,369.85200000000015,4.358720000000002,2.0,4.0,4.0
CHEMBL3099010,COc1ccc(Br)cc1CCC(=O)Nc1ccc2nc(C)cc(N)c2c1,inactive,414.3030000000001,4.4678200000000015,2.0,4.0,4.0
CHEMBL3099009,COc1ccccc1/C=C/C(=O)Nc1ccc2nc(C)cc(N)c2c1,inactive,333.3910000000001,3.785920000000001,2.0,4.0,4.0
CHEMBL3099008,Cc1cc(N)c2cc(NC(=O)CCc3ccc(F)cc3)ccc2n1,inactive,323.371,3.835820000000002,2.0,3.0,4.0
CHEMBL3099007,Cc1cc(N)c2cc(NC(=O)CCc3ccccc3C(F)(F)F)ccc2n1,inactive,373.378,4.715520000000003,2.0,3.0,4.0
CHEMBL3099006,Cc1cc(N)c2cc(NC(=O)CCc3ccccc3C)ccc2n1,inactive,319.408,4.005140000000003,2.0,3.0,4.0
CHEMBL3099005,Cc1cc(N)c2cc(NC(=O)CCc3ccccc3Cl)ccc2n1,inactive,339.826,4.350120000000002,2.0,3.0,4.0
CHEMBL3099004,Cc1cc(N)c2cc(NC(=O)CCc3ccccc3OC(=O)c3ccccc3)ccc2n1,inactive,425.4880000000001,4.915920000000003,2.0,5.0,4.0
CHEMBL3099003,COc1cccc(CCC(=O)Nc2ccc3nc(C)cc(N)c3c2)c1OC,inactive,365.43300000000016,3.7139200000000017,2.0,5.0,4.0
CHEMBL3099002,COc1ccc(OC)c(CCC(=O)Nc2ccc3nc(C)cc(N)c3c2)c1,inactive,365.4330000000001,3.7139200000000017,2.0,5.0,4.0
CHEMBL3099001,COc1cccc(CCC(=O)Nc2ccc3nc(C)cc(N)c3c2)c1,inactive,335.4070000000001,3.7053200000000013,2.0,4.0,4.0
CHEMBL3099000,COc1ccc(CCC(=O)Nc2ccc3nc(C)cc(N)c3c2)cc1,inactive,335.4070000000001,3.7053200000000013,2.0,4.0,4.0
CHEMBL3098999,Cc1cc(N)c2cc(NC(=O)c3cccc(-c4cccc5cccnc45)c3)ccc2n1,inactive,404.4730000000001,5.592920000000004,2.0,4.0,4.102372908709558
CHEMBL3098998,Cc1cc(N)c2cc(NC(=O)c3cccc(-c4cccc5ncccc45)c3)ccc2n1,inactive,404.4730000000001,5.592920000000003,2.0,4.0,4.167491087293763
CHEMBL3098997,Cc1cc(N)c2cc(NC(=O)c3cccc(-c4cncc5ccccc45)c3)ccc2n1,inactive,404.4730000000001,5.592920000000003,2.0,4.0,4.0
CHEMBL3098996,Cc1cc(N)c2cc(NC(=O)c3cccc(-c4cnc5ccccc5c4)c3)ccc2n1,inactive,404.4730000000001,5.592920000000003,2.0,4.0,4.346787486224656
CHEMBL3098995,Cc1cc(N)c2cc(NC(=O)c3cccc(-c4ccc5ncccc5c4)c3)ccc2n1,inactive,404.4730000000001,5.592920000000003,2.0,4.0,4.585026652029182
CHEMBL3098994,Cc1cc(N)c2cc(NC(=O)c3ccc(-c4cccc5cccnc45)cc3)ccc2n1,inactive,404.4730000000001,5.592920000000004,2.0,4.0,4.187086643357144
CHEMBL3098993,Cc1cc(N)c2cc(NC(=O)c3ccc(-c4cccc5ncccc45)cc3)ccc2n1,inactive,404.4730000000001,5.592920000000003,2.0,4.0,4.468521082957745
CHEMBL3098992,Cc1cc(N)c2cc(NC(=O)c3ccc(-c4cncc5ccccc45)cc3)ccc2n1,inactive,404.4730000000001,5.592920000000003,2.0,4.0,4.187086643357144
CHEMBL3098991,Cc1cc(N)c2cc(NC(=O)c3ccc(-c4cnc5ccccc5c4)cc3)ccc2n1,inactive,404.47300000000007,5.592920000000004,2.0,4.0,4.0
CHEMBL3098990,COc1ccccc1CCC(=O)Nc1ccc2nc(C)cc(N)c2c1,inactive,335.4070000000001,3.7053200000000013,2.0,4.0,4.0
CHEMBL87699,Cc1cc(N)c2cc(NC(=O)CCc3ccccc3)ccc2n1,inactive,305.38100000000003,3.696720000000002,2.0,3.0,4.0
CHEMBL3098989,Cc1cc(N)c2cc(NC(=O)Cc3ccc4c(c3)OCO4)ccc2n1,inactive,335.36300000000006,3.0353200000000014,2.0,5.0,4.0
CHEMBL3098988,Cc1cc(N)c2cc(NC(=O)Cc3ccccc3)ccc2n1,inactive,291.35400000000004,3.3066200000000014,2.0,3.0,4.0
CHEMBL3098987,Cc1cc(N)c2cc(NC(=O)COc3ccc(OCc4ccccc4)cc3)ccc2n1,inactive,413.4770000000001,4.721920000000003,2.0,5.0,4.0
CHEMBL3098986,COc1ccc(/C=C/C(=O)Nc2ccc3nc(C)cc(N)c3c2)cc1,inactive,333.3910000000001,3.7859200000000017,2.0,4.0,4.0
CHEMBL3098985,Cc1cc(N)c2cc(NC(=O)c3cccc(-c4ccc(N(C)C)cc4)c3)ccc2n1,inactive,396.49400000000014,5.110720000000003,2.0,4.0,4.161150909262744
CHEMBL3099031,Cc1cc(N)c2cc(NC(=O)c3ccc(-c4ccc5ncccc5c4)cc3)ccc2n1,inactive,404.47300000000007,5.592920000000003,2.0,4.0,4.42021640338319
CHEMBL3099030,Cc1cc(N)c2cc(NC(=O)c3ccc(-c4cccnc4)cc3)ccc2n1,inactive,354.41300000000007,4.439720000000002,2.0,4.0,4.638272163982407
CHEMBL3099029,Cc1cc(N)c2cc(NC(=O)c3ccc(-c4ccccc4)cc3)ccc2n1,inactive,353.42500000000007,5.0447200000000025,2.0,3.0,4.0
CHEMBL3099028,COc1ccc2[nH]c(C(=O)Nc3ccc4nc(C)cc(N)c4c3)cc2c1,inactive,346.3900000000001,3.8676200000000014,3.0,4.0,4.455931955649724
CHEMBL3099027,Cc1cc(N)c2cc(NC(=O)c3cc4ccccc4o3)ccc2n1,inactive,317.34800000000007,4.123920000000002,2.0,4.0,4.0
CHEMBL3099026,Cc1cc(N)c2cc(NC(=O)c3ccc4ccccc4n3)ccc2n1,inactive,328.37500000000006,3.9259200000000014,2.0,4.0,4.0
CHEMBL3098140,Cc1cc(N)c2cc(NC(=O)c3cc4ccccc4cn3)ccc2n1,inactive,328.37500000000006,3.9259200000000014,2.0,4.0,4.0
CHEMBL3099025,Cc1cc(N)c2cc(NC(=O)c3ccc(N4CCOCC4)cc3)ccc2n1,inactive,362.4330000000001,3.2143200000000016,2.0,5.0,4.568636235841013
CHEMBL3099024,Cc1cc(N)c2cc(NC(=O)c3cccc(N(C)C)c3)ccc2n1,inactive,320.396,3.4437200000000026,2.0,4.0,4.0
CHEMBL3099023,Cc1cc(N)c2cc(NC(=O)c3ccco3)ccc2n1,inactive,267.288,2.970720000000001,2.0,4.0,4.327902142064283
CHEMBL3099022,Cc1cc(N)c2cc(NC(=O)c3cccnc3)ccc2n1,inactive,278.31500000000005,2.7727200000000014,2.0,4.0,4.0
CHEMBL3099021,Cc1cc(N)c2cc(NC(=O)c3cccc(C(=O)c4ccccc4)c3)ccc2n1,inactive,381.43500000000006,4.608720000000003,2.0,4.0,4.0
CHEMBL3099020,Cc1cc(N)c2cc(NC(=O)c3ccc(Oc4ccccc4)cc3)ccc2n1,inactive,369.42400000000004,5.170020000000003,2.0,4.0,4.0
CHEMBL87223,Cc1cc(N)c2cc(NC(=O)Nc3ccc4nc(C)cc(N)c4c3)ccc2n1,intermediate,372.43200000000013,4.208240000000001,4.0,5.0,5.142667503568732
CHEMBL3103456,O=C(CC(CCOCC12CC3CC(CC(Br)(C3)C1)C2)c1ccc(Cl)cc1Cl)NO,inactive,505.28000000000026,6.1131000000000055,2.0,3.0,4.886056647693163
CHEMBL3103455,C=CCOCCC(CC(=O)NO)c1ccc(Cl)cc1Cl,intermediate,318.20000000000005,3.5652000000000017,2.0,3.0,5.267606240177032
CHEMBL3103454,O=C(CC(CCOCc1ccccc1)c1ccc(Cl)cc1Cl)NO,intermediate,368.26000000000005,4.579400000000004,2.0,3.0,5.5376020021010435
CHEMBL3103453,O=C(CC(CCOCCc1ccc(F)cc1)c1ccc(Cl)cc1Cl)NO,active,400.2770000000001,4.761000000000005,2.0,3.0,6.013228265733755
CHEMBL3103452,O=C(CC(CC(=O)NCCC1CC1)c1ccc(Cl)cc1Cl)NO,intermediate,359.253,3.278900000000001,3.0,3.0,5.036212172654444
CHEMBL3103451,COc1ccc(CCNC(=O)CC(CC(=O)NO)c2ccc(Cl)cc2Cl)cc1,intermediate,425.3120000000001,3.730100000000002,3.0,4.0,5.173925197299173
CHEMBL3103450,O=C(CC(CC(=O)NCCc1ccc(F)cc1)c1ccc(Cl)cc1Cl)NO,intermediate,413.2760000000001,3.8606000000000025,3.0,3.0,5.585026652029182
CHEMBL3103449,O=C(CC(CC(=O)Nc1ccc(Br)cc1)c1ccc(Cl)cc1Cl)NO,intermediate,446.1280000000001,4.7638000000000025,3.0,3.0,5.1938200260161125
CHEMBL3103448,Cc1ccccc1NC(=O)CC(CC(=O)NO)c1ccc(Cl)cc1Cl,intermediate,381.259,4.309720000000002,3.0,3.0,5.698970004336019
CHEMBL3103447,COc1cc(F)ccc1NC(=O)CC(CC(=O)NO)c1ccc(Cl)cc1Cl,intermediate,415.24800000000005,4.149000000000003,3.0,4.0,5.958607314841775
CHEMBL3112880,CC(C)Oc1c(C(Nc2ccccn2)c2ccccc2)ccc2cccnc12,inactive,369.46800000000013,5.6185000000000045,1.0,4.0,4.0
CHEMBL224325,Cc1ccc2c(Cl)cc(Cl)c(O)c2n1,inactive,228.078,3.5556200000000016,1.0,2.0,4.995678626217358
CHEMBL1200596,Oc1c(Cl)cc(Cl)c2cccnc12,inactive,214.051,3.2472000000000003,1.0,2.0,4.939302159646388
CHEMBL3112927,Cc1ccc2c(Cl)cc(I)c(O)c2n1,inactive,319.52900000000005,3.5068200000000007,1.0,2.0,4.85078088734462
CHEMBL497,Oc1c(I)cc(Cl)c2cccnc12,inactive,305.502,3.1984000000000004,1.0,2.0,4.692503962086787
CHEMBL1688558,Oc1c(C(Nc2ccccn2)c2ccccc2)ccc2cccnc12,intermediate,327.38700000000006,4.536900000000003,2.0,4.0,5.657577319177793
CHEMBL3112926,Oc1c(CNc2ccccn2)ccc2cccnc12,inactive,251.289,2.9475000000000007,2.0,4.0,4.573488738635425
CHEMBL316892,Cc1ccc2cccc(O)c2n1,inactive,159.188,2.2488200000000007,1.0,2.0,4.522878745280337
CHEMBL310555,Oc1cccc2cccnc12,inactive,145.16099999999997,1.9403999999999995,1.0,2.0,4.522878745280337
CHEMBL3112925,Cc1cccc(NC(c2cccnc2)c2ccc3cccnc3c2O)c1,intermediate,341.4140000000001,4.845320000000004,2.0,4.0,5.173925197299173
CHEMBL3112924,Cc1cccc(NC(c2ccccn2)c2ccc3cccnc3c2O)c1,inactive,341.4140000000001,4.845320000000004,2.0,4.0,4.777283528852417
CHEMBL3112923,Cc1cc(Cl)ccc1NC(c1cccnc1)c1ccc2cccnc2c1O,intermediate,375.8590000000001,5.498720000000004,2.0,4.0,5.638272163982407
CHEMBL3112922,Cc1cc(Cl)ccc1NC(c1ccccn1)c1ccc2cccnc2c1O,intermediate,375.8590000000001,5.498720000000004,2.0,4.0,5.2839966563652006
CHEMBL3112921,COc1ccc(C)cc1NC(c1cccnc1)c1ccc2cccnc2c1O,intermediate,371.4400000000001,4.853920000000004,2.0,5.0,5.356547323513812
CHEMBL3112920,COc1ccc(C)cc1NC(c1ccccn1)c1ccc2cccnc2c1O,intermediate,371.4400000000001,4.853920000000004,2.0,5.0,5.292429823902063
CHEMBL3112919,CCCOC(=O)c1ccc(NC(c2cccnc2)c2ccc3cccnc3c2O)cc1,intermediate,413.4770000000001,5.103700000000005,2.0,6.0,5.522878745280337
CHEMBL3112918,CCCOC(=O)c1ccc(NC(c2ccccn2)c2ccc3cccnc3c2O)cc1,intermediate,413.4770000000001,5.103700000000005,2.0,6.0,5.251811972993799
CHEMBL3112917,COC(=O)c1cccc(NC(c2cccnc2)c2ccc3cccnc3c2O)c1,intermediate,385.4230000000001,4.323500000000004,2.0,6.0,5.376750709602099
CHEMBL3112916,COC(=O)c1cccc(NC(c2ccccn2)c2ccc3cccnc3c2O)c1,intermediate,385.4230000000001,4.323500000000003,2.0,6.0,5.107905397309519
CHEMBL3112915,CCOC(=O)c1ccc(NC(c2cccnc2)c2ccc3cccnc3c2O)cc1,intermediate,399.4500000000001,4.713600000000004,2.0,6.0,5.5376020021010435
CHEMBL3112914,CCOC(=O)c1ccc(NC(c2ccccn2)c2ccc3cccnc3c2O)cc1,intermediate,399.4500000000001,4.713600000000004,2.0,6.0,5.292429823902063
CHEMBL3112913,Oc1c(C(Nc2ccccc2Cl)c2cccnc2)ccc2cccnc12,intermediate,361.83200000000005,5.190300000000004,2.0,4.0,5.721246399047171
CHEMBL3112912,Oc1c(C(Nc2ccccc2Cl)c2ccccn2)ccc2cccnc12,intermediate,361.83200000000005,5.190300000000004,2.0,4.0,5.251811972993799
CHEMBL1383321,Cc1cccc(NC(c2ccc(C)s2)c2ccc3ccc(C)nc3c2O)n1,inactive,375.4970000000001,5.523660000000005,2.0,5.0,4.0
CHEMBL3112911,Cc1ccc2ccc(C(Nc3ccccn3)c3ccc(C)s3)c(O)c2n1,intermediate,361.47000000000014,5.215240000000003,2.0,5.0,5.698970004336019
CHEMBL3112910,COc1ccc(C(Nc2ccccn2)c2ccc3ccc(C)nc3c2O)cc1,intermediate,371.4400000000001,4.853920000000004,2.0,5.0,5.721246399047171
CHEMBL3112909,COc1ccc(C(Nc2ccccn2)c2ccc3cccnc3c2O)cc1,intermediate,357.41300000000007,4.545500000000003,2.0,5.0,5.251811972993799
CHEMBL3112908,Cc1ccnc(NC(c2ccc([N+](=O)[O-])cc2)c2ccc3ccc(C)nc3c2O)c1,active,400.43800000000016,5.061940000000004,2.0,6.0,6.0
CHEMBL589706,Cc1ccnc(NC(c2ccc([N+](=O)[O-])cc2)c2ccc3cccnc3c2O)c1,intermediate,386.4110000000001,4.7535200000000035,2.0,6.0,5.366531544420414
CHEMBL3112907,Cc1cccc(NC(c2ccc(N(C)C)cc2)c2ccc3ccc(C)nc3c2O)n1,intermediate,398.51000000000016,5.219740000000005,2.0,5.0,5.346787486224656
CHEMBL3112906,Cc1ccnc(NC(c2ccc(N(C)C)cc2)c2ccc3ccc(C)nc3c2O)c1,intermediate,398.51000000000016,5.219740000000005,2.0,5.0,5.6020599913279625
CHEMBL3112905,Cc1ccnc(NC(c2ccc(N(C)C)cc2)c2ccc3cccnc3c2O)c1,intermediate,384.4830000000001,4.911320000000004,2.0,5.0,5.455931955649724
CHEMBL3112904,CN(C)c1ccc(C(NC(=O)Cc2ccccc2)c2ccc3cccnc3c2O)cc1,intermediate,411.50500000000005,4.454700000000004,2.0,4.0,5.1487416512809245
CHEMBL602720,CCC(=O)NC(c1ccc(N(C)C)cc1)c1ccc2cccnc2c1O,inactive,349.434,3.622000000000003,2.0,4.0,4.0
CHEMBL3112903,CC(=O)NC(c1ccc(N(C)C)cc1)c1ccc2cccnc2c1O,inactive,335.40700000000004,3.2319000000000018,2.0,4.0,4.0
CHEMBL3112902,CC(=O)NC(c1ccc(C)cc1)c1ccc2cccnc2c1O,inactive,306.36500000000007,3.4743200000000027,2.0,3.0,4.0
CHEMBL3112901,Cc1ccc(C(Nc2ccccn2)c2ccc3ccc(C)nc3c2O)cc1,intermediate,355.44100000000014,5.1537400000000035,2.0,4.0,5.6777807052660805
CHEMBL1497004,Cc1ccc(C(Nc2ccccn2)c2ccc3cccnc3c2O)cc1,intermediate,341.4140000000001,4.845320000000004,2.0,4.0,5.6020599913279625
CHEMBL3112900,Cc1ccc2ccc(C(Nc3ccccn3)c3ccc(F)cc3)c(O)c2n1,intermediate,359.4040000000001,4.984420000000003,2.0,4.0,5.552841968657781
CHEMBL3112899,Oc1c(C(Nc2ccccn2)c2ccc(F)cc2)ccc2cccnc12,intermediate,345.37700000000007,4.676000000000003,2.0,4.0,5.1487416512809245
CHEMBL591848,CCC(=O)NC(c1ccc(OC)c(OC)c1)c1ccc2cccnc2c1O,inactive,366.41700000000003,3.573200000000002,2.0,5.0,4.0
CHEMBL3112898,COc1ccc(C(Nc2ccccn2)c2ccc3ccc(C)nc3c2O)cc1OC,intermediate,401.4660000000002,4.862520000000004,2.0,6.0,5.522878745280337
CHEMBL3112897,COc1ccc(C(Nc2ccccn2)c2ccc3cccnc3c2O)cc1OC,intermediate,387.43900000000014,4.554100000000004,2.0,6.0,5.207608310501746
CHEMBL3112896,Cc1ccnc(NC(c2ccc(Cl)c(Cl)c2)c2ccc3ccc(C)nc3c2O)c1,intermediate,424.3310000000002,6.460540000000005,2.0,4.0,5.920818753952375
CHEMBL3112895,Cc1ccnc(NC(c2ccc(Cl)c(Cl)c2)c2ccc3cccnc3c2O)c1,intermediate,410.30400000000014,6.152120000000005,2.0,4.0,5.823908740944319
CHEMBL3112894,COc1cccc(C(Nc2cc(C)ccn2)c2ccc3ccc(C)nc3c2O)c1,intermediate,385.46700000000016,5.162340000000004,2.0,5.0,5.698970004336019
CHEMBL598057,COc1cccc(C(Nc2cc(C)ccn2)c2ccc3cccnc3c2O)c1,intermediate,371.4400000000001,4.853920000000004,2.0,5.0,5.481486060122113
CHEMBL1594475,COc1cccc(C(NC(C)=O)c2ccc3cccnc3c2O)c1,inactive,322.36400000000003,3.174500000000001,2.0,4.0,4.0
CHEMBL3112893,Cc1cccc(NC(c2cccc(OCc3ccccc3)c2)c2ccc3ccc(C)nc3c2O)n1,intermediate,461.56500000000017,6.732740000000007,2.0,5.0,5.455931955649724
CHEMBL3112892,Cc1ccc2ccc(C(Nc3ccccn3)c3cccc(OCc4ccccc4)c3)c(O)c2n1,intermediate,447.53800000000024,6.424320000000005,2.0,5.0,5.853871964321762
CHEMBL3112891,Cc1ccnc(NC(c2cccc([N+](=O)[O-])c2)c2ccc3ccc(C)nc3c2O)c1,intermediate,400.43800000000016,5.061940000000004,2.0,6.0,5.958607314841775
CHEMBL3112890,Cc1ccnc(NC(c2cccc([N+](=O)[O-])c2)c2ccc3cccnc3c2O)c1,intermediate,386.4110000000001,4.753520000000004,2.0,6.0,5.337242168318426
CHEMBL3112889,Cc1ccnc(NC(c2ccccn2)c2ccc3ccc(C)nc3c2O)c1,intermediate,356.42900000000014,4.548740000000004,2.0,5.0,5.6777807052660805
CHEMBL3112888,Cc1ccnc(NC(c2ccccn2)c2ccc3cccnc3c2O)c1,inactive,342.4020000000001,4.240320000000003,2.0,5.0,4.872895201635193
CHEMBL3112887,Cc1ccnc(NC(c2ccccc2[N+](=O)[O-])c2ccc3ccc(C)nc3c2O)c1,active,400.43800000000016,5.061940000000004,2.0,6.0,6.045757490560675
CHEMBL3112886,Cc1cccc(NC(c2ccccc2[N+](=O)[O-])c2ccc3ccc(C)nc3c2O)n1,inactive,400.43800000000016,5.061940000000004,2.0,6.0,4.97061622231479
CHEMBL3112885,Cc1ccc2ccc(C(Nc3ccccn3)c3ccccc3C)c(O)c2n1,intermediate,355.44100000000014,5.1537400000000035,2.0,4.0,5.795880017344075
CHEMBL3112884,Cc1ccccc1C(Nc1ccccn1)c1ccc2cccnc2c1O,intermediate,341.4140000000001,4.845320000000004,2.0,4.0,5.443697499232712
CHEMBL3112883,O=C(NC(c1ccccc1Cl)c1ccc2cccnc2c1O)c1ccccc1,active,388.8540000000001,5.113200000000004,2.0,3.0,6.096910013008056
CHEMBL3112882,CC(C)C(=O)NC(c1ccccc1Cl)c1ccc2cccnc2c1O,inactive,354.8370000000001,4.455400000000004,2.0,3.0,4.0
CHEMBL1555271,CCCC(=O)NC(c1ccccc1Cl)c1ccc2cccnc2c1O,inactive,354.8370000000001,4.599500000000004,2.0,3.0,4.0
CHEMBL605493,CCC(=O)NC(c1ccccc1Cl)c1ccc2cccnc2c1O,inactive,340.81000000000006,4.209400000000003,2.0,3.0,4.0
CHEMBL3112881,O=C(/C=C/c1sc2cc(F)ccc2c1Cl)NO,active,271.7,3.2124000000000015,2.0,3.0,6.823908740944319
CHEMBL237370,O=C(/C=C/c1ccc(Cl)cc1Cl)NO,active,232.066,2.5120000000000005,2.0,2.0,6.173925197299173
CHEMBL3264170,Clc1ccc2c(NCCNC34CC5CC(CC(C5)C3)C4)ccnc2c1,inactive,355.9130000000001,4.858500000000004,2.0,3.0,4.927750102386486
CHEMBL3216444,Cl.Cl.N=C(N)c1ccc(Oc2ccc(-c3cc4ccc(C(=N)N)cc4[nH]3)cc2)cc1,intermediate,442.35000000000014,5.038940000000003,5.0,3.0,5.581698708680254
CHEMBL450398,CC(=O)O[C@H]1C[C@H]2[C@H]([C@@H]3CC[C@H]([C@H](C)CCCNCCNc4ccnc5cc(Cl)ccc45)[C@@]13C)[C@H](OC(C)=O)C[C@@H]1C[C@H](OC(C)=O)CC[C@@]12C,intermediate,724.3829999999998,7.97980000000001,2.0,9.0,5.42021640338319
CHEMBL3264171,CC(=O)O[C@H]1C[C@H]2[C@H]([C@@H]3CC[C@H]([C@H](C)CCCNCCCNc4ccnc5cc(Cl)ccc45)[C@@]13C)[C@H](OC(C)=O)C[C@@H]1C[C@H](OC(C)=O)CC[C@@]12C,intermediate,738.4099999999999,8.369900000000007,2.0,9.0,5.642065152999546
CHEMBL3264174,CC(=O)O[C@H]1C[C@H]2[C@H]([C@@H]3CC[C@H]([C@H](C)CCCNCCNc4ccnc5cc(Cl)ccc45)[C@@]13C)[C@H](OC(C)=O)C[C@@H]1C[C@H](O)CC[C@@]12C,intermediate,682.3459999999999,7.40900000000001,3.0,8.0,5.329754146925876
CHEMBL3264175,CC(=O)O[C@H]1C[C@H]2[C@H]([C@@H]3CC[C@H]([C@H](C)CCCNCCCNc4ccnc5cc(Cl)ccc45)[C@@]13C)[C@H](OC(C)=O)C[C@@H]1C[C@H](O)CC[C@@]12C,intermediate,696.3729999999999,7.79910000000001,3.0,8.0,5.285670240254767
CHEMBL3264178,CC(=O)O[C@H]1C[C@H]2[C@H]([C@@H]3CC[C@H]([C@H](C)CCCNCCNc4ccnc5cc(Cl)ccc45)[C@@]13C)[C@H](OC(C)=O)C[C@@H]1CC(=O)CC[C@]21C,intermediate,680.3299999999998,7.617200000000009,2.0,8.0,5.2441251443275085
CHEMBL3264179,CC(=O)O[C@H]1C[C@H]2[C@H]([C@@H]3CC[C@H]([C@H](C)CCCNCCCNc4ccnc5cc(Cl)ccc45)[C@@]13C)[C@H](OC(C)=O)C[C@@H]1CC(=O)CC[C@]21C,intermediate,694.3569999999999,8.00730000000001,2.0,8.0,5.634512015109101
CHEMBL3264183,CC(=O)O[C@H]1C[C@H]2[C@H]([C@@H]3CC[C@H]([C@H](C)CCCN(C)CCCNc4ccnc5cc(Cl)ccc45)[C@@]13C)[C@H](OC(C)=O)C[C@@H]1C[C@H](OC(C)=O)CC[C@@]12C,intermediate,752.4369999999998,8.712100000000007,1.0,9.0,5.3487219860018556
CHEMBL3264184,CC(=O)N[C@@H]1CC[C@@]2(C)[C@@H](C1)C[C@@H](OC(C)=O)[C@@H]1[C@@H]2C[C@H](OC(C)=O)[C@@]2(C)[C@H]1CC[C@@H]2[C@H](C)CCCNCCNc1ccnc2cc(Cl)ccc12,intermediate,723.3990000000001,7.552800000000008,3.0,8.0,5.609064892896621
CHEMBL3264185,CC(=O)N[C@@H]1CC[C@@]2(C)[C@@H](C1)C[C@@H](OC(C)=O)[C@@H]1[C@@H]2C[C@H](OC(C)=O)[C@@]2(C)[C@H]1CC[C@@H]2[C@H](C)CCCNCCCNc1ccnc2cc(Cl)ccc12,intermediate,737.426,7.942900000000009,3.0,8.0,5.308034897232639
CHEMBL3264186,CC(=O)O[C@H]1C[C@H]2[C@H]([C@@H]3CC[C@H]([C@H](C)CCCNCCNc4ccnc5cc(Cl)ccc45)[C@@]13C)[C@H](OC(C)=O)C[C@@H]1C[C@H](NS(C)(=O)=O)CC[C@@]12C,intermediate,759.4539999999998,6.9659000000000075,3.0,9.0,5.293282217663241
CHEMBL3264187,CC(=O)O[C@H]1C[C@H]2[C@H]([C@@H]3CC[C@H]([C@H](C)CCCNCCCNc4ccnc5cc(Cl)ccc45)[C@@]13C)[C@H](OC(C)=O)C[C@@H]1C[C@H](NS(C)(=O)=O)CC[C@@]12C,intermediate,773.4809999999999,7.356000000000008,3.0,9.0,5.488116639021126
CHEMBL3264188,CC(=O)O[C@H]1C[C@H]2[C@H]([C@@H]3CC[C@H]([C@H](C)CCCNCCNc4ccnc5cc(Cl)ccc45)[C@@]13C)[C@H](OC(C)=O)C[C@@H]1C[C@H](NC(=O)OC(C)(C)C)CC[C@@]12C,intermediate,781.4789999999997,8.941400000000003,3.0,9.0,5.309803919971486
CHEMBL3264189,CC(=O)O[C@H]1C[C@H]2[C@H]([C@@H]3CC[C@H]([C@H](C)CCCNCCCNc4ccnc5cc(Cl)ccc45)[C@@]13C)[C@H](OC(C)=O)C[C@@H]1C[C@H](NC(=O)OC(C)(C)C)CC[C@@]12C,intermediate,795.5059999999997,9.331500000000002,3.0,9.0,5.489454989793388
CHEMBL3264190,CC(=O)O[C@H]1C[C@H]2[C@H]([C@@H]3CC[C@H]([C@H](C)CCCN(C)CCNc4ccnc5cc(Cl)ccc45)[C@@]13C)[C@H](OC(C)=O)C[C@@H]1C[C@H](NS(C)(=O)=O)CC[C@@]12C,inactive,773.4809999999998,7.3081000000000085,2.0,9.0,4.602581457648652
CHEMBL3264191,CC(=O)O[C@H]1C[C@H]2[C@H]([C@@H]3CC[C@H]([C@H](C)CCCN(C)CCCNc4ccnc5cc(Cl)ccc45)[C@@]13C)[C@H](OC(C)=O)C[C@@H]1C[C@H](NS(C)(=O)=O)CC[C@@]12C,intermediate,787.5079999999998,7.698200000000009,2.0,9.0,5.085656842880559
CHEMBL3264192,CC(=O)O[C@H]1C[C@H]2[C@H]([C@@H]3CC[C@H]([C@H](C)CCCN(C)CCNc4ccnc5cc(Cl)ccc45)[C@@]13C)[C@H](OC(C)=O)C[C@@H]1C[C@H](NC(=O)OC(C)(C)C)CC[C@@]12C,intermediate,795.5059999999996,9.283600000000003,2.0,9.0,5.168770306132936
CHEMBL3264496,CC(=O)O[C@H]1C[C@H]2[C@H]([C@@H]3CC[C@H]([C@H](C)CCCN(C)CCCNc4ccnc5cc(Cl)ccc45)[C@@]13C)[C@H](OC(C)=O)C[C@@H]1C[C@H](NC(=O)OC(C)(C)C)CC[C@@]12C,intermediate,809.5329999999997,9.6737,2.0,9.0,5.1791420105603
CHEMBL3264497,CC(=O)O[C@H]1C[C@H]2[C@H]([C@@H]3CC[C@H]([C@H](C)CCCNCCNc4ccnc5cc(Cl)ccc45)[C@@]13C)[C@H](OC(C)=O)C[C@@H]1C[C@H](N(C)C)CC[C@@]12C,intermediate,709.4159999999997,7.97830000000001,2.0,8.0,5.991399828238082
CHEMBL3264498,CC(=O)O[C@H]1C[C@H]2[C@H]([C@@H]3CC[C@H]([C@H](C)CCCNCCCNc4ccnc5cc(Cl)ccc45)[C@@]13C)[C@H](OC(C)=O)C[C@@H]1C[C@H](N(C)C)CC[C@@]12C,intermediate,723.4429999999998,8.368400000000008,2.0,8.0,5.872895201635193
CHEMBL3264499,CC(=O)O[C@H]1C[C@H]2[C@H]([C@@H]3CC[C@H]([C@H](C)CCCNCCNc4ccnc5cc(Cl)ccc45)[C@@]13C)[C@H](OC(C)=O)C[C@@H]1C[C@H](N)CC[C@@]12C,active,681.3619999999997,7.375400000000007,3.0,8.0,6.0915149811213505
CHEMBL3264500,CC(=O)O[C@H]1C[C@H]2[C@H]([C@@H]3CC[C@H]([C@H](C)CCCNCCCNc4ccnc5cc(Cl)ccc45)[C@@]13C)[C@H](OC(C)=O)C[C@@H]1C[C@H](N)CC[C@@]12C,intermediate,695.3889999999998,7.765500000000008,3.0,8.0,5.982966660701219
CHEMBL3264501,CC(=O)O[C@H]1C[C@H]2[C@H]([C@@H]3CC[C@H]([C@H](C)CCCN(C)CCNc4ccnc5cc(Cl)ccc45)[C@@]13C)[C@H](OC(C)=O)C[C@@H]1C[C@H](N)CC[C@@]12C,intermediate,695.3889999999997,7.717600000000009,2.0,8.0,5.943095148663527
CHEMBL3264502,CC(=O)O[C@H]1C[C@H]2[C@H]([C@@H]3CC[C@H]([C@H](C)CCCN(C)CCCNc4ccnc5cc(Cl)ccc45)[C@@]13C)[C@H](OC(C)=O)C[C@@H]1C[C@H](N)CC[C@@]12C,intermediate,709.4159999999997,8.107700000000008,2.0,8.0,5.94692155651658
CHEMBL3264503,CC(=O)O[C@H]1C[C@H]2[C@H]([C@@H]3CC[C@H]([C@H](C)CCCN(C)CCNc4ccnc5cc(Cl)ccc45)[C@@]13C)[C@H](OC(C)=O)C[C@@H]1C[C@H](N(C)C)CC[C@@]12C,intermediate,723.4429999999996,8.320500000000008,1.0,8.0,5.6439741428068775
CHEMBL3264504,CC(=O)O[C@H]1C[C@H]2[C@H]([C@@H]3CC[C@H]([C@H](C)CCCN(C)CCCNc4ccnc5cc(Cl)ccc45)[C@@]13C)[C@H](OC(C)=O)C[C@@H]1C[C@H](N(C)C)CC[C@@]12C,intermediate,737.4699999999997,8.710600000000007,1.0,8.0,5.889410289700751
CHEMBL3264505,CC(=O)O[C@H]1C[C@H]2[C@H]([C@@H]3CC[C@H]([C@H](C)CCCN(CCC[C@@H](C)[C@H]4CC[C@H]5[C@H]6[C@H](C[C@H](OC(C)=O)[C@@]54C)[C@@]4(C)CC[C@@H](N)C[C@H]4C[C@H]6OC(C)=O)CCNc4ccnc5cc(Cl)ccc45)[C@@]13C)[C@H](OC(C)=O)C[C@@H]1C[C@H](N)CC[C@@]12C,intermediate,1141.0329999999997,12.573499999999989,3.0,13.0,5.515700160653214
CHEMBL3264507,CC(=O)O[C@H]1C[C@H]2[C@H]([C@@H]3CC[C@H]([C@H](C)CCCN(CCCNc4ccnc5cc(Cl)ccc45)CCC[C@@H](C)[C@H]4CC[C@H]5[C@H]6[C@H](C[C@H](OC(C)=O)[C@@]54C)[C@@]4(C)CC[C@@H](N)C[C@H]4C[C@H]6OC(C)=O)[C@@]13C)[C@H](OC(C)=O)C[C@@H]1C[C@H](N)CC[C@@]12C,active,1155.0599999999995,12.963599999999985,3.0,13.0,6.200659450546418
CHEMBL3309329,ONCC12CC3CC(CC(C3)C1)C2,intermediate,181.27899999999997,2.1816000000000004,2.0,2.0,5.795880017344075
CHEMBL3311534,NCC(=O)Nc1ccc(Oc2ccccc2)cc1,inactive,242.278,2.3761,2.0,3.0,3.7878123955960423
CHEMBL3309329,ONCC12CC3CC(CC(C3)C1)C2,intermediate,181.27899999999997,2.1816000000000004,2.0,2.0,5.823908740944319
CHEMBL3311534,NCC(=O)Nc1ccc(Oc2ccccc2)cc1,inactive,242.278,2.3761,2.0,3.0,3.58838029403677
CHEMBL3309327,C=CC(=O)Nc1cccnc1,inactive,148.16499999999996,1.2060999999999997,1.0,2.0,4.318758762624412
CHEMBL2426254,C=CC(=O)Nc1ccccn1,inactive,148.165,1.2061,1.0,2.0,4.0
CHEMBL3309326,O=C(NCc1ccc(-c2ccccc2)cc1)c1nc[nH]n1,inactive,278.315,2.401699999999999,2.0,3.0,3.677780705266081
CHEMBL3309325,COc1ccc(OC)c(Cn2cnc(C(=O)NCc3ccc(-c4ccccc4)cc3)n2)c1,inactive,428.4920000000001,3.9406000000000025,1.0,6.0,4.3979400086720375
CHEMBL3309324,O=C1C=CC(=O)C(Nc2ccccn2)=C1,inactive,200.19700000000003,1.0854,1.0,4.0,4.013228265733755
CHEMBL3309323,COC(=O)c1cccc(NC2=CC(=O)C=CC2=O)n1,inactive,258.23299999999995,0.8719999999999999,1.0,6.0,4.853871964321762
CHEMBL3309322,O=C(NCc1ccc(Oc2ccccc2)cc1)c1ccccn1,inactive,304.34900000000005,3.8039000000000023,1.0,3.0,3.2441251443275085
CHEMBL3309321,COc1ccc(OC)c(Nc2cccc(C(=O)NCc3ccc(Oc4ccccc4)cc3)n2)c1,inactive,455.5140000000002,5.564700000000005,2.0,6.0,3.6989700043360187
CHEMBL3309320,COc1ccc(OC)c(CNCC(=O)Nc2cccc(OCc3ccccc3)c2)c1,inactive,406.48200000000014,4.0111000000000026,2.0,5.0,4.6020599913279625
CHEMBL3311538,O=C1C=CC(=O)C(Cn2cnc(C(=O)NCc3ccc(-c4ccccc4)cc3)n2)=C1,intermediate,398.4220000000001,2.509500000000001,1.0,6.0,5.6020599913279625
CHEMBL3311537,O=C1C=CC(=O)C(Nc2cccc(C(=O)NCc3ccc(Oc4ccccc4)cc3)n2)=C1,intermediate,425.44400000000013,3.8077000000000023,2.0,6.0,5.638272163982407
CHEMBL3311536,O=C1C=CC(=O)C(CNCC(=O)Nc2cccc(OCc3ccccc3)c2)=C1,inactive,376.41200000000015,2.4280999999999997,2.0,5.0,4.7447274948966935
CHEMBL3311535,NCC(=O)NCc1ccc(-c2ccccc2)cc1,inactive,240.306,1.9284999999999999,2.0,2.0,3.795880017344075
CHEMBL3311534,NCC(=O)Nc1ccc(Oc2ccccc2)cc1,inactive,242.278,2.3761,2.0,3.0,3.9208187539523753
CHEMBL3311533,NCC(=O)Nc1cccc(OCc2ccccc2)c1,inactive,256.30499999999995,2.1628,2.0,3.0,3.3798639450262424
CHEMBL3311531,O=C1C=CC(=O)C(CC(=O)O)=C1,intermediate,166.132,0.09549999999999997,1.0,3.0,5.031517051446065
CHEMBL3580849,CC[C@@H](C)[C@@H](NS(=O)(=O)c1cccc(-c2ccc(Cl)cc2)c1)C(=O)NO,active,396.8960000000001,3.205400000000001,3.0,4.0,6.022276394711152
CHEMBL3580848,CC[C@H](C)[C@H](NS(=O)(=O)c1ccc(-c2ccc(C)cc2)cc1)C(=O)NO,inactive,376.47800000000007,2.8604200000000004,3.0,4.0,4.0
CHEMBL3580830,CC[C@H](C)[C@H](NS(=O)(=O)c1ccc(-c2ccc(F)cc2)cc1)C(=O)NO,intermediate,380.44100000000003,2.6910999999999996,3.0,4.0,5.017728766960431
CHEMBL3580831,CC[C@H](C)[C@H](NS(=O)(=O)c1ccc(-c2ccc(NC(C)=O)cc2)cc1)C(=O)NO,inactive,419.5030000000001,2.5103999999999997,4.0,5.0,4.0
CHEMBL3580832,CC[C@H](C)[C@H](NS(=O)(=O)c1ccc(-c2ccc(OC)cc2)cc1)C(=O)NO,inactive,392.4770000000001,2.5606,3.0,5.0,4.0
CHEMBL3580833,CC[C@H](C)[C@H](NS(=O)(=O)c1ccc(-c2ccccc2)cc1)C(=O)NO,inactive,362.451,2.5519999999999996,3.0,4.0,4.557677044254426
CHEMBL3580834,CC[C@H](C)[C@H](NS(=O)(=O)c1cccc(-c2ccc(Cl)cc2)c1)C(=O)NO,intermediate,396.8960000000001,3.205400000000001,3.0,4.0,5.089375595110798
CHEMBL3580835,CC[C@H](C)[C@H](NS(=O)(=O)c1ccc2c(c1)OCCO2)C(=O)NO,inactive,344.38900000000007,0.6562,3.0,6.0,4.682981898951889
CHEMBL3580836,CC[C@H](C)[C@H](NS(=O)(=O)c1ccccc1)C(=O)NO,inactive,286.35299999999995,0.8850000000000002,3.0,4.0,4.0
CHEMBL3580837,CC[C@H](C)[C@@H](NS(=O)(=O)c1ccc(-c2ccc(Cl)cc2)cc1)C(=O)NO,inactive,396.8960000000001,3.2054,3.0,4.0,4.926281649653878
CHEMBL3580838,CC[C@@H](C)[C@H](NS(=O)(=O)c1ccc(-c2ccc(Cl)cc2)cc1)C(=O)NO,inactive,396.8960000000001,3.2054,3.0,4.0,4.378927628856374
CHEMBL3580839,CC[C@@H](C)[C@@H](NS(=O)(=O)c1ccc(-c2ccc(Cl)cc2)cc1)C(=O)NO,intermediate,396.8960000000001,3.2054,3.0,4.0,5.1605219526258015
CHEMBL3580840,CC(C)C[C@@H](NS(=O)(=O)c1ccc(-c2ccc(Cl)cc2)cc1)C(=O)NO,inactive,396.8960000000001,3.2054,3.0,4.0,4.587203571283457
CHEMBL3580841,CC(C)C[C@H](NS(=O)(=O)c1ccc(-c2ccc(Cl)cc2)cc1)C(=O)NO,inactive,396.8960000000001,3.2054,3.0,4.0,4.60624935965192
CHEMBL3580842,CC(C)[C@H](NS(=O)(=O)c1ccc(-c2ccc(Cl)cc2)cc1)C(=O)NO,inactive,382.869,2.8152999999999997,3.0,4.0,4.418391633967943
CHEMBL3580843,O=C(NO)[C@H](Cc1ccccc1)NS(=O)(=O)c1ccc(-c2ccc(Cl)cc2)cc1,inactive,430.9130000000001,3.402000000000001,3.0,4.0,4.0
CHEMBL3580844,O=C(NO)[C@@H]1CCCN1S(=O)(=O)c1ccc(-c2ccc(Cl)cc2)cc1,inactive,380.85300000000007,2.6655000000000006,2.0,4.0,4.0
CHEMBL3580845,CC[C@H](C)[C@H](NS(=O)(=O)c1ccc(-c2ccc(Cl)cc2)cc1)C(=O)O,inactive,381.8810000000001,3.784600000000001,2.0,3.0,4.0
CHEMBL3580846,CC[C@H](C)[C@H](NS(=O)(=O)c1ccc(-c2ccc(Cl)cc2)cc1)C(N)=O,inactive,380.8970000000001,3.1853000000000007,2.0,3.0,4.0
CHEMBL3580847,CC[C@H](C)[C@H](NS(=O)(=O)c1ccc(-c2ccc(Cl)cc2)cc1)C(=O)NO,inactive,396.8960000000001,3.2054,3.0,4.0,4.996108833763089
CHEMBL3604954,O=c1c2cc3c(cc2n(Cc2nc(-c4ccc(C(F)(F)F)cc4)no2)c(=O)n1Cc1nc(-c2ccc(C(F)(F)F)cc2)no1)OCO3,inactive,658.4710000000003,5.126100000000004,0.0,12.0,4.795880017344075
CHEMBL3604953,O=C(COc1ccc(/C=C2\NC(=O)N(Cc3ccccc3F)C2=O)cc1)Nc1ccc(F)cc1,inactive,463.4400000000001,4.075200000000002,2.0,4.0,4.585026652029182
CHEMBL3604952,O=C(COc1cccc(/C=C2\NC(=O)N(Cc3ccccc3F)C2=O)c1)Nc1ccc(F)cc1,inactive,463.4400000000001,4.075200000000002,2.0,4.0,4.301029995663981
CHEMBL3604951,Cc1ccc(-c2nc(SCC(=O)N3CCCC[C@@H]3C)c(S(=O)(=O)c3ccccc3)[nH]2)cc1,inactive,469.63200000000006,4.711020000000004,1.0,5.0,3.7986028756795487
CHEMBL3604950,COc1cccc(CN2C(=O)c3ccccc3[C@@H]2C(=O)NC2CCC(C)CC2)c1,inactive,392.4990000000002,4.087200000000003,1.0,3.0,3.804100347590766
CHEMBL3604949,CC[C@@H]1Oc2ccccc2N(CC(=O)NCCCN2CCC(Cc3ccccc3)CC2)C1=O,inactive,449.59500000000025,3.651600000000003,1.0,4.0,3.812479279163537
CHEMBL3604948,Cc1cc(NC(=S)N(CCCN2CCC[C@@H](C)C2)Cc2cccs2)ccc1Cl,inactive,436.09000000000015,6.030920000000006,1.0,3.0,4.036212172654444
CHEMBL3604947,COC(=O)c1c(C)nc2n(CCN3CCCCC3)c3ccccc3n12,inactive,340.42699999999996,2.8699200000000014,0.0,6.0,4.259637310505756
CHEMBL3604946,O=c1[nH]c2cc3c(cc2c(=O)n1CCc1nc(-c2ccc(C(F)(F)F)cc2)no1)OCO3,inactive,446.34100000000007,2.7300000000000013,1.0,8.0,4.619788758288394
CHEMBL3604945,O=C(COc1ccccc1/C=C1\NC(=O)N(Cc2ccccc2F)C1=O)Nc1ccc(F)cc1,inactive,463.44000000000005,4.075200000000002,2.0,4.0,4.657577319177793
CHEMBL3604944,N=C(N)NCCC[C@H](N)C(=O)N[C@@H](CCCNC(=N)N)C(=O)NCC(=O)N[C@@H](CS)C(=O)O,inactive,490.5910000000002,-4.0595599999999985,12.0,8.0,4.508638306165727
CHEMBL4085501,Oc1c(C(Nc2ncccn2)c2ccc(F)cc2F)cc(Cl)c2cccnc12,intermediate,398.8000000000001,4.863500000000002,2.0,5.0,5.657577319177793
CHEMBL4059959,Cc1ccc2ccc(C(Nc3ncccn3)c3ccccc3F)c(O)c2n1,inactive,360.3920000000001,4.379420000000002,2.0,5.0,4.920818753952375
CHEMBL4071334,Cc1ccc2ccc(C(Nc3cccnc3)c3ccccc3F)c(O)c2n1,active,359.4040000000001,4.984420000000003,2.0,4.0,6.154901959985743
CHEMBL3112900,Cc1ccc2ccc(C(Nc3ccccn3)c3ccc(F)cc3)c(O)c2n1,intermediate,359.4040000000001,4.984420000000003,2.0,4.0,5.795880017344075
CHEMBL4068440,Cc1ccc2ccc(C(Nc3cccnc3)c3ccc(F)cc3)c(O)c2n1,active,359.4040000000001,4.984420000000003,2.0,4.0,6.096910013008056
CHEMBL4095785,Cc1ccc2ccc(C(Nc3ncccn3)c3ccc(F)cc3)c(O)c2n1,intermediate,360.3920000000001,4.379420000000002,2.0,5.0,5.376750709602099
CHEMBL4059783,Cc1ccc2ccc(C(Nc3ccccn3)c3ccc(F)cc3F)c(O)c2n1,intermediate,377.3940000000001,5.123520000000003,2.0,4.0,5.568636235841013
CHEMBL4088059,Cc1ccc2ccc(C(Nc3cccnc3)c3ccc(F)cc3F)c(O)c2n1,inactive,377.3940000000001,5.123520000000003,2.0,4.0,4.910094888560602
CHEMBL4087160,Cc1ccc2ccc(C(Nc3ncccn3)c3ccc(F)cc3F)c(O)c2n1,intermediate,378.3820000000001,4.518520000000002,2.0,5.0,5.366531544420414
CHEMBL1945166,Oc1c(C(Nc2ccccn2)c2ccccc2)cc(Cl)c2cccnc12,intermediate,361.83200000000005,5.190300000000002,2.0,4.0,5.823908740944319
CHEMBL4079277,Oc1c(C(Nc2cccnc2)c2ccccc2)cc(Cl)c2cccnc12,intermediate,361.83200000000005,5.190300000000002,2.0,4.0,5.455931955649724
CHEMBL4090577,Oc1c(C(Nc2ncccn2)c2ccccc2)cc(Cl)c2cccnc12,intermediate,362.8200000000001,4.585300000000003,2.0,5.0,5.346787486224656
CHEMBL2442244,Oc1c(C(Nc2ccccn2)c2ccccc2F)cc(Cl)c2cccnc12,intermediate,379.82200000000006,5.329400000000002,2.0,4.0,5.853871964321762
CHEMBL4084638,Oc1c(C(Nc2cccnc2)c2ccccc2F)cc(Cl)c2cccnc12,active,379.82200000000006,5.329400000000002,2.0,4.0,6.154901959985743
CHEMBL4076803,Oc1c(C(Nc2ncccn2)c2ccccc2F)cc(Cl)c2cccnc12,intermediate,380.8100000000001,4.724400000000002,2.0,5.0,5.3979400086720375
CHEMBL4091467,Oc1c(C(Nc2ccccn2)c2ccc(F)cc2)cc(Cl)c2cccnc12,active,379.82200000000006,5.329400000000002,2.0,4.0,6.221848749616356
CHEMBL4061926,Oc1c(C(Nc2cccnc2)c2ccc(F)cc2)cc(Cl)c2cccnc12,intermediate,379.82200000000006,5.329400000000002,2.0,4.0,5.638272163982407
CHEMBL4100165,Oc1c(C(Nc2ncccn2)c2ccc(F)cc2)cc(Cl)c2cccnc12,active,380.8100000000001,4.724400000000002,2.0,5.0,6.154901959985743
CHEMBL4089872,Oc1c(C(Nc2ccccn2)c2ccc(F)cc2F)cc(Cl)c2cccnc12,active,397.81200000000007,5.4685000000000015,2.0,4.0,6.154901959985743
CHEMBL4060854,Oc1c(C(Nc2cccnc2)c2ccc(F)cc2F)cc(Cl)c2cccnc12,active,397.81200000000007,5.4685000000000015,2.0,4.0,6.221848749616356
CHEMBL4098372,Cc1ccc2ccc(C(Nc3ccccn3)c3ccccc3F)c(O)c2n1,intermediate,359.4040000000001,4.984420000000003,2.0,4.0,5.853871964321762
CHEMBL4062693,Cc1ccc2ccc(C(Nc3ncccn3)c3ccccc3)c(O)c2n1,intermediate,342.4020000000001,4.240320000000002,2.0,5.0,5.337242168318426
CHEMBL4099530,Cc1ccc2ccc(C(Nc3cccnc3)c3ccccc3)c(O)c2n1,intermediate,341.4140000000001,4.845320000000004,2.0,4.0,5.853871964321762
CHEMBL1488172,Cc1ccc2ccc(C(Nc3ccccn3)c3ccccc3)c(O)c2n1,active,341.4140000000001,4.845320000000004,2.0,4.0,6.154901959985743
CHEMBL4095202,Oc1c(C(Nc2ncccn2)c2ccc(F)cc2F)ccc2cccnc12,inactive,364.3550000000001,4.210100000000002,2.0,5.0,4.896196279044043
CHEMBL4093118,Oc1c(C(Nc2cccnc2)c2ccc(F)cc2F)ccc2cccnc12,intermediate,363.367,4.815100000000003,2.0,4.0,5.356547323513812
CHEMBL4072352,Oc1c(C(Nc2ccccn2)c2ccc(F)cc2F)ccc2cccnc12,intermediate,363.3670000000001,4.815100000000003,2.0,4.0,5.443697499232712
CHEMBL4085460,Oc1c(C(Nc2ncccn2)c2ccc(F)cc2)ccc2cccnc12,intermediate,346.36500000000007,4.071000000000002,2.0,5.0,5.769551078621726
CHEMBL4103385,Oc1c(C(Nc2cccnc2)c2ccc(F)cc2)ccc2cccnc12,intermediate,345.377,4.676000000000003,2.0,4.0,5.337242168318426
CHEMBL3112899,Oc1c(C(Nc2ccccn2)c2ccc(F)cc2)ccc2cccnc12,intermediate,345.37700000000007,4.676000000000003,2.0,4.0,5.3872161432802645
CHEMBL4070394,Oc1c(C(Nc2ncccn2)c2ccccc2F)ccc2cccnc12,intermediate,346.36500000000007,4.071000000000002,2.0,5.0,5.721246399047171
CHEMBL1688560,Oc1c(C(Nc2cccnc2)c2ccccc2F)ccc2cccnc12,intermediate,345.377,4.676000000000003,2.0,4.0,5.619788758288394
CHEMBL1326401,Oc1c(C(Nc2ccccn2)c2ccccc2F)ccc2cccnc12,intermediate,345.37700000000007,4.676000000000003,2.0,4.0,5.920818753952375
CHEMBL4081983,Oc1c(C(Nc2ncccn2)c2ccccc2)ccc2cccnc12,intermediate,328.37500000000006,3.9319000000000024,2.0,5.0,5.568636235841013
CHEMBL4099990,Oc1c(C(Nc2cccnc2)c2ccccc2)ccc2cccnc12,intermediate,327.38700000000006,4.536900000000003,2.0,4.0,5.207608310501746
CHEMBL310555,Oc1cccc2cccnc12,intermediate,145.16099999999997,1.9403999999999995,1.0,2.0,5.4089353929735005
CHEMBL316892,Cc1ccc2cccc(O)c2n1,intermediate,159.188,2.2488200000000007,1.0,2.0,5.4089353929735005
CHEMBL225164,Oc1ccc(Cl)c2cccnc12,intermediate,179.60600000000002,2.5938000000000008,1.0,2.0,5.721246399047171
CHEMBL21619,Nc1ccccn1,intermediate,94.117,0.6638000000000001,1.0,2.0,5.7447274948966935
CHEMBL25541,Nc1cccnc1,intermediate,94.117,0.6638000000000001,1.0,2.0,5.481486060122113
CHEMBL88580,Nc1ncccn1,intermediate,95.10499999999999,0.05880000000000002,1.0,3.0,5.337242168318426
CHEMBL15972,O=Cc1ccccc1,intermediate,106.12399999999997,1.4990999999999999,0.0,1.0,5.5376020021010435
CHEMBL4084647,O=Cc1ccccc1F,intermediate,124.11399999999998,1.6382,0.0,1.0,5.552841968657781
CHEMBL3183207,O=Cc1ccc(F)cc1,intermediate,124.11399999999998,1.6382,0.0,1.0,5.638272163982407
CHEMBL4092237,O=Cc1ccc(F)cc1F,intermediate,142.10399999999998,1.7773,0.0,1.0,5.309803919971486
CHEMBL1688558,Oc1c(C(Nc2ccccn2)c2ccccc2)ccc2cccnc12,intermediate,327.38700000000006,4.536900000000003,2.0,4.0,5.823908740944319
CHEMBL4070794,CC(=O)O[C@H]1C[C@H]2[C@H]([C@@H]3CC[C@H]([C@H](C)CCCNCCCCNc4ccnc5ccccc45)[C@@]13C)[C@H](OC(C)=O)C[C@@H]1C[C@H](N)CC[C@@]12C,intermediate,674.9709999999999,7.502200000000007,3.0,8.0,5.2441251443275085
CHEMBL4091673,CC(=O)O[C@H]1C[C@H]2[C@H]([C@@H]3CC[C@H]([C@H](C)CCCN(C)CCCCNc4ccnc5ccccc45)[C@@]13C)[C@H](OC(C)=O)C[C@@H]1C[C@H](N)CC[C@@]12C,intermediate,688.9979999999998,7.844400000000009,2.0,8.0,5.823908740944319
CHEMBL4092633,CC(=O)O[C@H]1C[C@H]2[C@H]([C@@H]3CC[C@H]([C@H](C)CCCNCCCCNc4ccnc5cc(Cl)ccc45)[C@@]13C)[C@H](OC(C)=O)C[C@@H]1C[C@H](N)CC[C@@]12C,intermediate,709.4159999999998,8.155600000000009,3.0,8.0,5.346787486224656
CHEMBL4064938,CC(=O)O[C@H]1C[C@H]2[C@H]([C@@H]3CC[C@H]([C@H](C)CCCNCCCC(C)Nc4ccnc5ccccc45)[C@@]13C)[C@H](OC(C)=O)C[C@@H]1C[C@H](N)CC[C@@]12C,intermediate,688.9979999999998,7.890700000000009,3.0,8.0,5.568636235841013
CHEMBL4065254,CC(=O)O[C@H]1C[C@H]2[C@H]([C@@H]3CC[C@H]([C@H](C)CCCN(C)CCCC(C)Nc4ccnc5ccccc45)[C@@]13C)[C@H](OC(C)=O)C[C@@H]1C[C@H](N)CC[C@@]12C,active,703.0249999999999,8.232900000000008,2.0,8.0,6.154901959985743
CHEMBL4092916,CC(=O)O[C@H]1C[C@H]2[C@H]([C@@H]3CC[C@H]([C@H](C)CCCNC(C)CCCNc4ccnc5ccccc45)[C@@]13C)[C@H](OC(C)=O)C[C@@H]1C[C@H](N)CC[C@@]12C,intermediate,688.9979999999998,7.890700000000009,3.0,8.0,5.522878745280337
CHEMBL4085175,CC(CCCNc1ccnc2ccccc12)NCc1ccc(-c2csc3ccc(F)cc23)cc1,intermediate,469.62900000000013,7.6260000000000066,2.0,4.0,5.130768280269024
CHEMBL4095363,CC(CCCNCc1ccc(-c2csc3ccc(C#N)cc23)cc1)Nc1ccnc2ccccc12,inactive,476.64900000000017,7.358580000000006,2.0,5.0,4.991399828238082
CHEMBL4076269,N#Cc1ccc2scc(-c3ccc(CNCCCCNc4ccnc5ccccc45)cc3)c2c1,intermediate,462.6220000000001,6.970080000000006,2.0,5.0,5.337242168318426
CHEMBL4061909,N#Cc1ccc2scc(-c3ccc(CNCCCCCCNc4ccnc5ccccc45)cc3)c2c1,intermediate,490.6760000000002,7.750280000000007,2.0,5.0,5.481486060122113
CHEMBL4088919,CC(CCCNCc1ccc(-c2csc3ccc(F)cc23)cc1)Nc1ccnc2ccccc12,intermediate,469.62900000000013,7.6260000000000066,2.0,4.0,5.055517327849831
CHEMBL4088496,N#Cc1ccc(-c2ccc(-c3ccc(CNCCCCCCNc4ccnc5ccccc45)cc3)s2)cc1,intermediate,516.7140000000002,8.264080000000005,2.0,5.0,5.468521082957745
CHEMBL4060273,N#Cc1ccc(-c2ccc(-c3cccc(CNCCCCCCNc4ccnc5ccccc45)c3)s2)cc1,intermediate,516.7140000000003,8.264080000000005,2.0,5.0,5.060480747381382
CHEMBL4080629,N#Cc1ccc(-c2ccc(-c3ccc(CNCCCCCCCCNc4ccnc5ccccc45)cc3)s2)cc1,intermediate,544.7680000000003,9.04428,2.0,5.0,5.167491087293763
CHEMBL4103981,N#Cc1ccc(-c2ccc(-c3ccc(CNCCCCNc4ccnc5ccccc45)cc3)s2)cc1,intermediate,488.6600000000001,7.483880000000005,2.0,5.0,5.031517051446065
CHEMBL4079717,CN(CCCNc1ccnc2cc(Cl)ccc12)CC12CC3CC(CC(C3)C1)C2,intermediate,397.9940000000003,5.838400000000005,1.0,3.0,5.055517327849831
CHEMBL4096220,CC(CCN(C)CC12CC3CC(CC(C3)C1)C2)Nc1ccnc2cc(Cl)ccc12,inactive,412.02100000000013,6.226900000000007,1.0,3.0,4.931814138253838
CHEMBL4095296,CC(CCN(C)CC12CC3CC(CC(C3)C1)C2)Nc1ccnc2ccccc12,intermediate,377.5760000000001,5.5735000000000054,1.0,3.0,5.2839966563652006
CHEMBL4098680,CC(CCNc1ccnc2cc(Cl)ccc12)NCC12CC3CC(CC(C3)C1)C2,intermediate,397.9940000000003,5.884700000000005,2.0,3.0,5.568636235841013
CHEMBL3264511,CC(=O)O[C@H]1C[C@H]2[C@H]([C@@H]3CC[C@H]([C@H](C)CCCNCCCCCCNc4ccnc5cc(Cl)ccc45)[C@@]13C)[C@H](OC(C)=O)C[C@@H]1C[C@H](NCCCCCCNc3ccnc4cc(Cl)ccc34)CC[C@@]12C,inactive,998.2379999999993,13.44079999999998,4.0,10.0,4.906578314837765
CHEMBL4070794,CC(=O)O[C@H]1C[C@H]2[C@H]([C@@H]3CC[C@H]([C@H](C)CCCNCCCCNc4ccnc5ccccc45)[C@@]13C)[C@H](OC(C)=O)C[C@@H]1C[C@H](N)CC[C@@]12C,inactive,674.9709999999999,7.502200000000007,3.0,8.0,5.0
CHEMBL4092633,CC(=O)O[C@H]1C[C@H]2[C@H]([C@@H]3CC[C@H]([C@H](C)CCCNCCCCNc4ccnc5cc(Cl)ccc45)[C@@]13C)[C@H](OC(C)=O)C[C@@H]1C[C@H](N)CC[C@@]12C,inactive,709.4159999999998,8.155600000000009,3.0,8.0,5.0
CHEMBL4103115,C[C@H](CCCNCCCCNc1ccnc2cc(Cl)ccc12)[C@H]1CC[C@H]2[C@H]3[C@H](C[C@H](O)[C@@]21C)[C@@]1(C)CC[C@@H](N)C[C@H]1C[C@H]3O,intermediate,625.3420000000002,7.014000000000008,5.0,6.0,5.096910013008056
CHEMBL4085175,CC(CCCNc1ccnc2ccccc12)NCc1ccc(-c2csc3ccc(F)cc23)cc1,inactive,469.62900000000013,7.6260000000000066,2.0,4.0,5.0
CHEMBL4081346,CC(CCCN(C)Cc1ccc(-c2csc3ccc(C#N)cc23)cc1)Nc1ccnc2ccccc12,inactive,490.6760000000002,7.700780000000007,1.0,5.0,5.0
CHEMBL4080629,N#Cc1ccc(-c2ccc(-c3ccc(CNCCCCCCCCNc4ccnc5ccccc45)cc3)s2)cc1,inactive,544.7680000000003,9.04428,2.0,5.0,5.0
CHEMBL4098670,CN(CCCCCCCCNc1ccnc2ccccc12)Cc1ccc(-c2ccc(-c3ccc(C#N)cc3)s2)cc1,intermediate,558.7950000000003,9.386479999999999,1.0,5.0,5.301029995663981
CHEMBL4096220,CC(CCN(C)CC12CC3CC(CC(C3)C1)C2)Nc1ccnc2cc(Cl)ccc12,inactive,412.02100000000013,6.226900000000007,1.0,3.0,5.0
CHEMBL4092633,CC(=O)O[C@H]1C[C@H]2[C@H]([C@@H]3CC[C@H]([C@H](C)CCCNCCCCNc4ccnc5cc(Cl)ccc45)[C@@]13C)[C@H](OC(C)=O)C[C@@H]1C[C@H](N)CC[C@@]12C,intermediate,709.4159999999998,8.155600000000009,3.0,8.0,5.096910013008056
CHEMBL4065069,O=S(=O)(c1ccc(O)c2ncccc12)N1CCc2ccc(Cl)cc21,inactive,360.82200000000006,3.345200000000002,1.0,4.0,4.892790030352131
CHEMBL4100478,CN(c1cccc(Cl)c1)S(=O)(=O)c1ccc(O)c2ncccc12,intermediate,348.81100000000004,3.4189000000000016,1.0,4.0,5.368556230986828
CHEMBL4073657,CN(c1ccccc1)S(=O)(=O)c1ccc(O)c2ncccc12,intermediate,314.366,2.765500000000001,1.0,4.0,5.1432711096171175
CHEMBL4059608,O=S(=O)(Nc1cccc(Cl)c1)c1ccc(O)c2ncccc12,intermediate,334.78400000000005,3.3946000000000014,2.0,4.0,5.135488918941608
CHEMBL3392400,O=S(=O)(Nc1ccccc1)c1ccc(O)c2ncccc12,inactive,300.33900000000006,2.741200000000001,2.0,4.0,4.896196279044043
CHEMBL3392431,O=S(=O)(c1ccc(O)c2ncccc12)N1CCCCC1,inactive,292.36000000000007,2.115,1.0,4.0,4.73754891026957
CHEMBL4089388,CC(=O)NNc1ccc2c(S(=O)(=O)N3CCc4c(Cl)cccc43)ccc(O)c2n1,intermediate,432.88900000000007,2.8082000000000016,3.0,6.0,5.268411234813262
CHEMBL4061232,CNNc1ccc2c(S(=O)(=O)N3CCc4c(Cl)cccc43)ccc(O)c2n1,intermediate,404.8790000000001,2.891500000000002,3.0,6.0,5.486782399932061
CHEMBL4074729,NNc1ccc2c(S(=O)(=O)N3CCc4c(Cl)cccc43)ccc(O)c2n1,intermediate,390.85200000000003,2.630800000000001,3.0,6.0,5.809668301829708
CHEMBL4095197,CCNc1ccc2c(S(=O)(=O)N3CCc4c(Cl)cccc43)ccc(O)c2n1,inactive,403.891,3.7770000000000024,2.0,5.0,4.543633966870957
CHEMBL4084998,CNc1ccc2c(S(=O)(=O)N3CCc4c(Cl)cccc43)ccc(O)c2n1,inactive,389.8640000000001,3.386900000000002,2.0,5.0,4.424812155072339
CHEMBL4102944,Nc1ccc2c(S(=O)(=O)N3CCc4c(Cl)cccc43)ccc(O)c2n1,intermediate,375.83700000000005,2.927400000000002,2.0,5.0,5.473660722610156
CHEMBL4092754,O=S(=O)(c1ccc(O)c2ncccc12)N1CCc2c(Cl)cccc21,intermediate,360.82200000000006,3.345200000000002,1.0,4.0,5.436518914605589
CHEMBL1232971,O=C(/C=C/c1ccc(Cl)cc1)NO,inactive,197.621,1.8585999999999998,2.0,2.0,4.823908740944319
CHEMBL237370,O=C(/C=C/c1ccc(Cl)cc1Cl)NO,active,232.066,2.5120000000000005,2.0,2.0,6.3872161432802645
CHEMBL4555861,N=C(N)NCCC[C@H](N)C(=O)N[C@@H](CCCNC(=N)N)C(=O)NCC(=O)N[C@@H](Cc1ccccc1)C(=O)O,active,534.6220000000003,-2.7466600000000003,11.0,7.0,6.045757490560675
CHEMBL4790141,CS(=O)(=O)SCCCCCN(O)C(=O)/C=C/c1ccc(Cl)cc1Cl,inactive,412.3600000000001,4.087500000000003,1.0,5.0,4.229147988357856
CHEMBL4745069,CS(=O)(=O)SCCCCCCN(O)C(=O)/C=C/c1ccc(Cl)cc1Cl,inactive,426.38700000000006,4.477600000000004,1.0,5.0,4.468521082957745
CHEMBL4761825,CS(=O)(=O)SCCCNC(=O)CC(CC(=O)NO)c1ccc(Cl)cc1Cl,inactive,443.37400000000014,2.561700000000001,3.0,6.0,4.455931955649724
CHEMBL4788170,CCCCCNC(=O)CC(CC(=O)NO)c1ccc(Cl)cc1Cl,intermediate,361.2690000000001,3.6690000000000014,3.0,3.0,5.2441251443275085
CHEMBL237370,O=C(/C=C/c1ccc(Cl)cc1Cl)NO,active,232.066,2.5120000000000005,2.0,2.0,6.3872161432802645
CHEMBL4777863,CC[C@@H](C)[C@@H](NS(=O)(=O)c1cccc(-c2cc3ccccc3o2)c1)C(=O)NO,inactive,402.4720000000001,3.2982000000000005,3.0,5.0,4.853871964321762
CHEMBL4742073,CC[C@@H](C)[C@@H](NS(=O)(=O)c1cccc(-c2ccccc2Cl)c1)C(=O)NO,active,396.8960000000001,3.205400000000001,3.0,4.0,6.231361898752385
